northwest_territories={
	location=4980
	color={
		95 65 35 
	}
	outgoing={
		name="james_bay"
		path={
			4983 4986 4989 2599 5000 5035 2595 5002 1006 1487 
		}
		control={
			779.000 2365.000 803.000 2337.000 805.000 2324.000 802.000 2315.000 823.000 2311.000 844.000 2305.000 857.000 2296.000 877.000 2290.000 896.000 2296.000 919.000 2285.000 971.000 2294.000 982.000 2281.000 996.000 2266.000 1014.000 2248.000 1015.000 2240.000 1014.000 2211.000 1011.000 2196.000 1018.000 2182.000 1038.000 2168.000 1062.000 2160.000 1086.000 2165.000 1115.000 2161.000 1137.000 2159.000 1153.000 2154.000 1172.000 2159.000 1185.000 2165.000 1205.000 2161.000 1215.000 2179.000 1239.000 2188.000 1257.000 2199.000 1285.000 2194.000 1297.000 2203.000 1303.000 2212.000 1319.000 2221.000 1321.000 2235.000 1348.000 2235.000 
		}
	}
	outgoing={
		name="columbia"
		path={
			4983 4986 4989 2599 5000 
		}
		control={
			779.000 2365.000 803.000 2337.000 805.000 2324.000 802.000 2315.000 823.000 2311.000 844.000 2305.000 857.000 2296.000 877.000 2290.000 896.000 2296.000 919.000 2285.000 971.000 2294.000 982.000 2281.000 996.000 2266.000 1014.000 2248.000 1015.000 2240.000 1014.000 2237.000 1009.000 2236.000 1003.000 2238.000 994.000 2240.000 986.000 2235.000 978.000 2231.000 969.000 2230.000 951.000 2223.000 936.000 2224.000 927.000 2221.000 921.000 2222.000 921.000 2218.000 917.000 2216.000 912.000 2214.000 914.000 2207.000 913.000 2205.000 915.000 2203.000 913.000 2198.000 914.000 2195.000 911.000 2193.000 912.000 2190.000 910.000 2187.000 913.000 2180.000 907.000 2170.000 890.000 2165.000 882.000 2168.000 881.000 2173.000 876.000 2174.000 860.000 2170.000 840.000 2173.000 826.000 2168.000 817.000 2171.000 805.000 2166.000 792.000 2168.000 805.000 2144.000 818.000 2129.000 814.000 2119.000 815.000 2111.000 812.000 2107.000 819.000 2098.000 819.000 2090.000 821.000 2086.000 822.000 2078.000 820.000 2074.000 823.000 2062.000 829.000 2055.000 829.000 2049.000 836.000 2035.000 837.000 2024.000 830.000 2018.000 822.000 2014.000 814.000 2018.000 804.000 2014.000 804.000 1997.000 787.000 1999.000 774.000 1999.000 784.000 1971.000 
		}
	}
	members={
		2599 2600 2601 2603 4980 4985 4983 4986 4987 5041 4989 4976 4978 5001 5000 5033 1812 4984 5040 4982 5072 5073 5074 5776 5080 5081 5082 5084 5085 5086 5087 5898 5890 5891 5894 5895 5899 5900 1814 
	}
}
columbia={
	location=1558
	color={
		25 160 70 
	}
	outgoing={
		name="california"
		path={
			1557 1556 
		}
		control={
			777.000 1929.000 771.000 1880.000 778.000 1829.000 802.000 1786.000 
		}
	}
	outgoing={
		name="james_bay"
		path={
			873 5755 5810 4945 5756 2483 5812 5746 5745 5744 5742 5740 5779 2018 5783 2017 5636 5637 5787 2597 1813 1011 2594 1005 1487 
		}
		control={
			804.000 1953.000 811.000 1949.000 817.000 1939.000 832.000 1943.000 844.000 1941.000 878.000 1947.000 879.000 1954.000 876.000 1956.000 872.000 1964.000 863.000 1963.000 861.000 1977.000 857.000 1982.000 867.000 1991.000 877.000 1993.000 892.000 1988.000 895.000 1996.000 895.000 2003.000 899.000 2010.000 904.000 2014.000 903.000 2020.000 897.000 2022.000 896.000 2029.000 899.000 2046.000 895.000 2057.000 887.000 2068.000 888.000 2079.000 895.000 2087.000 897.000 2095.000 897.000 2103.000 910.000 2112.000 914.000 2120.000 929.000 2128.000 947.000 2126.000 960.000 2131.000 974.000 2111.000 984.000 2116.000 992.000 2124.000 1002.000 2122.000 1011.000 2118.000 1021.000 2118.000 1032.000 2116.000 1046.000 2111.000 1059.000 2104.000 1071.000 2094.000 1085.000 2086.000 1095.000 2088.000 1098.000 2095.000 1111.000 2105.000 1131.000 2105.000 1147.000 2110.000 1162.000 2116.000 1171.000 2112.000 1182.000 2114.000 1196.000 2119.000 1209.000 2111.000 1219.000 2104.000 1237.000 2105.000 1256.000 2114.000 1249.000 2124.000 1253.000 2130.000 1252.000 2134.000 1255.000 2137.000 1252.000 2144.000 1261.000 2147.000 1272.000 2153.000 1278.000 2162.000 1282.000 2171.000 1296.000 2177.000 1311.000 2177.000 1324.000 2181.000 1336.000 2188.000 1348.000 2190.000 1363.000 2199.000 
		}
	}
	outgoing={
		name="missouri_river_trade"
		path={
			873 5755 5810 4945 5756 2483 5752 4961 2019 5762 2489 5757 2020 5833 5845 1809 5629 2507 5625 2508 901 903 905 902 900 2514 897 895 2014 893 1507 
		}
		control={
			804.000 1953.000 811.000 1949.000 817.000 1939.000 832.000 1943.000 844.000 1941.000 878.000 1947.000 879.000 1954.000 886.000 1956.000 893.000 1962.000 904.000 1963.000 917.000 1955.000 926.000 1941.000 918.000 1926.000 911.000 1916.000 915.000 1913.000 914.000 1903.000 926.000 1893.000 936.000 1887.000 948.000 1887.000 955.000 1881.000 973.000 1877.000 978.000 1881.000 985.000 1880.000 1003.000 1896.000 1005.000 1902.000 1011.000 1906.000 1015.000 1912.000 1027.000 1916.000 1035.000 1902.000 1047.000 1899.000 1062.000 1890.000 1072.000 1891.000 1073.000 1905.000 1077.000 1911.000 1072.000 1929.000 1082.000 1943.000 1087.000 1954.000 1113.000 1957.000 1127.000 1966.000 1138.000 1976.000 1149.000 1991.000 1170.000 1994.000 1171.000 1987.000 1190.000 1981.000 1197.000 1974.000 1202.000 1966.000 1209.000 1959.000 1207.000 1949.000 1212.000 1945.000 1209.000 1940.000 1213.000 1934.000 1206.000 1923.000 1212.000 1915.000 1222.000 1910.000 1229.000 1906.000 1227.000 1901.000 1245.000 1887.000 1256.000 1882.000 1265.000 1885.000 1277.000 1878.000 1282.000 1873.000 1280.000 1868.000 
		}
	}
	outgoing={
		name="alaska"
		path={
			1559 1561 1560 
		}
		control={
			762.000 2002.000 707.000 2048.000 657.000 2128.000 614.000 2139.000 565.000 2202.000 482.000 2245.000 379.000 2228.000 
		}
	}
	members={
		975 974 972 2610 2609 2022 973 2484 2485 874 873 872 2481 2482 2483 2486 2489 2604 2605 2606 2607 2488 2019 2003 2487 2020 976 2613 4949 4946 4956 4958 4947 4948 4957 4960 4972 4942 4943 4944 4945 4961 1913 1558 871 2477 2480 5031 4988 5017 5612 5729 5730 5731 5732 5733 5734 5735 5736 5737 5738 5739 5740 5741 5742 5743 5744 5745 5746 5747 5748 5749 5750 5751 5752 5753 5754 5755 5756 5757 5758 5759 5760 5761 5762 5777 5779 5780 5781 5763 5727 5728 5790 5801 5802 5803 5804 5805 5806 5807 5808 5809 5810 5811 5812 5813 5798 5800 5816 5819 5820 5824 5825 5847 5848 5849 5850 5851 5853 5854 5863 5864 5866 5867 5868 5869 5870 5871 5872 5873 5874 5875 5876 5877 5878 5879 5880 5881 5882 5883 5884 5885 5886 5887 5888 5889 5892 5893 5116 5510 5511 5514 5527 5530 5531 5941 5940 
	}
}
alaska={
	location=1560
	color={
		225 225 225 
	}
	outgoing={
		name="girin"
		path={
			1680 1681 1668 1667 1442 1441 1440 1386 1378 2106 2108 730 
		}
		control={
			271.000 2228.000 163.000 2139.000 9.000 2094.000 6210.000 2056.000 6014.000 2078.000 5843.000 2029.000 5738.000 2030.000 5657.000 1978.000 5565.000 1945.000 5480.000 1938.000 5378.000 1866.000 5340.000 1888.000 5324.000 1898.000 5296.000 1887.000 
		}
	}
	members={
		1560 978 977 2611 2612 5920 5921 5922 5923 5924 5925 5928 5929 5930 5932 5931 5933 4968 4969 4970 4971 5926 5927 4977 5937 4981 5083 1810 5076 5078 5079 979 5077 5722 5723 5724 5726 5778 5095 5725 5905 5906 5907 5908 5909 5910 5911 5912 5913 5914 5915 5916 5917 5918 5919 5896 5897 8000 8001 8002 8003 8004 8005 8006 8007 8008 8009 8010 8011 8012 5075 5111 5112 5120 5127 5507 5533 5535 5536 5537 5538 5934 5935 5936 5938 
	}
}
australia={
	location=1410
	outgoing={
		name="the_moluccas"
		path={
			1411 1407 1410 1409 1401 1357 
		}
		control={
			5398.000 885.000 5302.000 914.000 5262.000 959.000 
		}
	}
	outgoing={
		name="southern_australia"
		path={
			1407 1411 1424 
		}
		control={
			5498.000 906.000 5544.000 909.000 5589.000 863.000 5697.000 731.000 5765.000 618.000 5769.000 504.000 
		}
	}
	members={
		1790 1791 6432 6433 6435 2730 2731 6218 6219 6220 6221 6222 6223 1093 4853 6200 6201 6203 6208 6209 6237 1092 1094 4850 4851 4852 4854 6202 6233 6234 6239 6240 6256 6213 6235 6236 6238 6251 6252 6254 6255 6265 6257 6258 6259 6260 6261 6263 6264 4849 6224 6225 6227 6229 6230 6231 6232 6212 6214 6215 6217 6226 6228 2732 2733 6204 6205 6206 6207 6210 6211 6216 2728 4846 6358 6359 6362 6363 2729 6351 6352 6353 6354 6355 6356 6357 6360 6361 4847 4848 6243 6244 6245 6246 6349 6350 6241 6242 6247 6248 6249 6250 6343 6334 6335 6336 6337 6338 6339 6340 6341 6346 6371 6372 6373 6342 6344 6345 6348 6347 6364 6365 6366 6367 6368 6369 6370 6374 6375 6376 6377 4866 4867 6378 6379 6380 6381 6382 6383 6384 6385 6386 6387 6388 6389 1410 
	}
}
patagonia={
	location=2868
	outgoing={
		name="laplata"
		path={
			1537 1536 
		}
		control={
			1843.000 322.000 1863.000 310.000 1895.000 310.000 1939.000 329.000 1981.000 371.000 1997.000 413.000 1987.000 430.000 
		}
	}
	members={
		2868 2876 2869 786 2873 2874 780 781 782 783 1095 2870 2871 2875 784 785 2872 787 2863 2025 2862 2867 5027 1098 
	}
}
amazonas_node={
	location=2935
	outgoing={
		name="brazil"
		path={
			1529 1530 1531 
		}
		control={
			2088.000 1049.000 2095.000 1053.000 2106.000 1053.000 2120.000 1055.000 2129.000 1061.000 2145.000 1079.000 2197.000 1068.000 2247.000 1044.000 2317.000 1037.000 2385.000 990.000 
		}
	}
	outgoing={
		name="caracas_trade"
		path={
			1529 831 
		}
		control={
			2088.000 1049.000 2095.000 1053.000 2106.000 1053.000 2120.000 1055.000 2129.000 1061.000 2145.000 1079.000 2131.000 1087.000 2112.000 1101.000 2109.000 1118.000 2094.000 1136.000 2089.000 1163.000 2037.000 1193.000 1982.000 1196.000 1939.000 1235.000 1911.000 1261.000 1898.000 1263.000 1893.000 1264.000 1896.000 1279.000 1861.000 1279.000 1842.000 1278.000 1827.000 1277.000 1818.000 1280.000 
		}
	}
	members={
		1802 1803 2909 2910 2911 2929 2930 2931 2933 2934 2935 2889 2937 2938 2804 2811 742 743 744 747 748 749 2890 2923 2924 2926 2927 2928 745 746 2936 2815 2812 2814 4608 4617 822 2816 4605 6752 6783 6784 6785 6786 6787 6791 6792 6794 6795 6796 6797 6798 6799 6800 6801 6802 6803 6804 6805 6806 6841 6842 6891 6892 6893 6894 6895 6896 6897 6898 6899 6900 6901 6902 6903 6904 6905 6906 
	}
}
southern_australia={
	location=1424
	outgoing={
		name="cape_of_good_hope"
		path={
			1414 1415 1416 1417 1639 1638 1631 1629 1626 1459 1460 
		}
		control={
			5623.000 362.000 5487.000 370.000 5411.000 416.000 5299.000 496.000 5193.000 448.000 5068.000 429.000 4762.000 334.000 4373.000 379.000 4009.000 288.000 3801.000 373.000 3618.000 348.000 3510.000 404.000 3406.000 405.000 3329.000 426.000 
		}
	}
	outgoing={
		name="comorin_cape"
		path={
			1414 1415 1416 1417 1418 1419 1643 1644 1623 1622 1614 1340 
		}
		control={
			5623.000 362.000 5487.000 370.000 5411.000 416.000 5299.000 496.000 5193.000 448.000 5068.000 429.000 5009.000 438.000 4968.000 457.000 4912.000 520.000 4886.000 587.000 4806.000 739.000 4690.000 823.000 4540.000 913.000 4452.000 1091.000 4411.000 1166.000 
		}
	}
	members={
		1091 6434 4855 6262 6268 6279 6280 6281 6282 6283 6284 1087 6295 6296 6300 6301 6302 6303 6304 1088 6288 6289 6293 6312 6313 1090 4857 6267 6269 6272 1085 4868 4869 6308 6309 6310 1089 4856 6266 6270 6271 4859 4860 6275 6276 6297 2734 4858 6273 6274 6298 6299 4861 6277 6278 6290 6291 6292 6294 2735 6305 6306 6307 6311 1086 6314 6315 6316 6317 6318 6319 4862 6285 6286 6287 6324 2736 6320 6321 6322 4864 6408 6409 6410 6431 6253 6323 6325 6326 6330 5686 5687 6328 6415 6416 6327 6329 6331 6332 6333 6398 6400 2726 4865 6391 6392 6393 6406 6407 6390 6394 6395 6396 6404 6405 6397 6401 6402 6403 6413 6414 6417 6418 6419 6420 6421 6422 4863 6411 6412 6428 6429 6430 1084 2727 6423 6424 6425 6426 6427 1107 5604 5605 5610 2738 5601 5602 5603 1109 1246 5021 5597 5598 5599 5600 1106 5608 5609 1108 2739 5606 2737 4939 5022 5607 1424 
	}
}
california={
	location=1556
	color={
		250 150 10 
	}
	outgoing={
		name="jalisco_trade"
		path={
			1555 1554 1552 1551 
		}
		control={
			817.000 1735.000 854.000 1702.000 877.000 1696.000 931.000 1613.000 946.000 1582.000 988.000 1527.000 1042.000 1488.000 1117.000 1462.000 
		}
	}
	outgoing={
		name="rio_grande"
		path={
			5030 869 868 5018 2478 5042 867 876 879 2494 881 2498 2666 2499 
		}
		control={
			823.000 1771.000 834.000 1764.000 836.000 1751.000 849.000 1736.000 855.000 1729.000 861.000 1721.000 872.000 1719.000 882.000 1713.000 894.000 1719.000 907.000 1719.000 928.000 1715.000 939.000 1718.000 954.000 1706.000 955.000 1693.000 961.000 1684.000 976.000 1687.000 987.000 1690.000 998.000 1696.000 1007.000 1690.000 1020.000 1690.000 1036.000 1690.000 1046.000 1686.000 1056.000 1693.000 1071.000 1690.000 1084.000 1688.000 1088.000 1682.000 1095.000 1678.000 1101.000 1665.000 1120.000 1648.000 1130.000 1641.000 1134.000 1634.000 1138.000 1623.000 1148.000 1618.000 1160.000 1612.000 1168.000 1620.000 1170.000 1626.000 1179.000 1627.000 1187.000 1627.000 1194.000 1626.000 1198.000 1620.000 1205.000 1613.000 1214.000 1596.000 
		}
	}
	outgoing={
		name="polynesia_node"
		path={
			1687 1714 1697 1692 1675 1691 1674 1438 1391 1390 1376 
		}
		control={
			580.000 1587.000 217.000 1449.000 27.000 1503.000 6342.000 1556.000 
		}
	}
	members={
		868 867 876 875 870 869 2021 2476 2478 2479 2491 2493 877 879 878 2490 862 865 866 2616 2620 4952 4953 5044 4955 5042 4954 5016 5030 5032 4950 4951 5018 5043 5045 5064 4962 4963 4965 4966 4967 1808 2608 1556 5061 4649 4964 4975 4979 2492 2494 5764 5765 5766 5767 5768 5769 5770 5771 5772 5773 5774 5775 5791 5792 5793 5794 5795 5796 5797 5799 5814 5815 5782 5821 5822 5823 5833 5845 5834 5838 5835 5836 4634 5839 5840 5841 5843 5852 5855 5856 5857 5858 5859 5860 5861 5862 4577 4633 4635 4636 4637 4638 4639 4650 7522 7563 6790 
	}
}
missouri_river_trade={
	location=903
	color={
		150 150 55 
	}
	inland=yes
	outgoing={
		name="james_bay"
		path={
			1508 1507 
		}
		control={
			1280.000 1868.000 1282.000 1873.000 1277.000 1878.000 1265.000 1885.000 1260.000 1891.000 1252.000 1906.000 1249.000 1914.000 1251.000 1918.000 1247.000 1926.000 1247.000 1935.000 1252.000 1952.000 1261.000 1957.000 1267.000 1961.000 1272.000 1964.000 1274.000 1970.000 1273.000 1981.000 1269.000 1997.000 1265.000 2018.000 1269.000 2027.000 1271.000 2036.000 1274.000 2044.000 1278.000 2056.000 1278.000 2069.000 1270.000 2078.000 1264.000 2091.000 1259.000 2103.000 1253.000 2109.000 1256.000 2114.000 1249.000 2124.000 1253.000 2130.000 1252.000 2134.000 1255.000 2137.000 1252.000 2144.000 1261.000 2147.000 1272.000 2153.000 1278.000 2162.000 1282.000 2171.000 1296.000 2177.000 1311.000 2177.000 1324.000 2181.000 1336.000 2188.000 1348.000 2190.000 1363.000 2199.000 
		}
	}
	outgoing={
		name="ohio_river_trade"
		path={
			1508 1509 2647 2628 2646 849 1551 
		}
		control={
			1280.000 1868.000 1286.000 1866.000 1288.000 1861.000 1290.000 1854.000 1293.000 1840.000 1297.000 1831.000 1310.000 1821.000 1306.000 1816.000 1313.000 1809.000 1323.000 1809.000 1336.000 1810.000 1339.000 1814.000 1345.000 1811.000 1345.000 1805.000 1349.000 1804.000 1359.000 1797.000 1371.000 1801.000 1379.000 1796.000 1387.000 1801.000 1390.000 1805.000 1392.000 1797.000 1388.000 1793.000 1396.000 1786.000 1404.000 1779.000 1410.000 1768.000 1417.000 1770.000 1421.000 1769.000 1428.000 1776.000 1431.000 1782.000 1444.000 1784.000 1452.000 1786.000 1455.000 1784.000 1460.000 1789.000 1467.000 1787.000 1468.000 1788.000 
		}
	}
	outgoing={
		name="ohio"
		path={
			1508 1509 2647 2628 2646 849 1551 
		}
		control={
			1280.000 1868.000 1286.000 1866.000 1288.000 1861.000 1290.000 1854.000 1293.000 1840.000 1297.000 1831.000 1310.000 1821.000 1306.000 1816.000 1313.000 1809.000 1323.000 1809.000 1336.000 1810.000 1339.000 1814.000 1345.000 1811.000 1345.000 1805.000 1349.000 1804.000 1359.000 1797.000 1371.000 1801.000 1379.000 1796.000 1387.000 1801.000 1390.000 1805.000 1386.000 1805.000 1385.000 1816.000 1385.000 1822.000 1393.000 1831.000 1401.000 1838.000 1405.000 1845.000 1406.000 1852.000 1426.000 1854.000 1429.000 1860.000 1435.000 1865.000 1439.000 1868.000 1446.000 1878.000 1457.000 1889.000 1465.000 1888.000 1472.000 1888.000 1474.000 1888.000 1478.000 1886.000 1485.000 1886.000 1487.000 1882.000 1490.000 1881.000 1492.000 1877.000 1495.000 1874.000 1503.000 1871.000 1510.000 1873.000 1513.000 1873.000 
		}
	}
	members={
		889 891 892 901 903 904 906 907 908 909 1809 2006 2007 2008 2009 2501 2502 2503 2504 2505 2506 2507 2508 2510 2512 2625 2672 4900 4915 4916 4917 4918 4959 5065 5066 5613 5614 5616 5617 5618 5619 5621 5627 5629 5630 5632 5633 5638 5837 5846 7459 7461 7463 7465 7466 7492 7493 7494 7495 7496 7497 7498 7499 7501 7502 7503 7504 7505 7506 7507 7508 7511 7512 7513 
	}
}
jalisco_trade={
	location=854
	outgoing={
		name="rio_grande"
		path={
			847 844 2631 1510 1511 1512 1518 1516 
		}
		control={
			1117.000 1462.000 1104.000 1480.000 1086.000 1498.000 1059.000 1528.000 1043.000 1553.000 1052.000 1553.000 1059.000 1554.000 1063.000 1557.000 1065.000 1565.000 1067.000 1571.000 1077.000 1572.000 1080.000 1579.000 1084.000 1586.000 1094.000 1586.000 1111.000 1581.000 1117.000 1585.000 1121.000 1584.000 1126.000 1589.000 1122.000 1599.000 1121.000 1609.000 1131.000 1621.000 1138.000 1623.000 1148.000 1618.000 1160.000 1612.000 1168.000 1620.000 1170.000 1626.000 1179.000 1627.000 1187.000 1627.000 1194.000 1626.000 1205.000 1613.000 1214.000 1596.000 
		}
	}
	outgoing={
		name="mexico"
		path={
			1550 1549 1548 835 
		}
		control={
			1117.000 1462.000 1117.000 1473.000 1127.000 1477.000 1134.000 1478.000 1142.000 1468.000 1152.000 1461.000 1156.000 1464.000 1160.000 1457.000 1162.000 1453.000 1164.000 1448.000 1170.000 1448.000 1182.000 1451.000 1186.000 1448.000 1197.000 1454.000 1203.000 1446.000 1207.000 1446.000 1212.000 1443.000 1215.000 1446.000 1223.000 1435.000 1230.000 1434.000 
		}
	}
	outgoing={
		name="polynesia_node"
		path={
			1550 1549 1548 835 
		}
		control={
			1111.000 1457.000 1106.000 1438.000 1090.000 1431.000 988.000 1470.000 579.000 1587.000 401.000 1510.000 217.000 1449.000 27.000 1503.000 6342.000 1556.000 
		}
	}
	members={
		851 854 855 856 857 859 860 2615 2617 2621 2622 2623 2624 2643 2657 4573 4574 4575 4576 4578 4579 4580 4640 4641 4642 4643 4645 4647 4648 6706 5020 5063 7527 7561 7562 7578 7601 7602 7603 7604 7606 7623 7624 7625 7626 7627 7628 7629 7630 7631 7633 7634 7635 7636 7637 7639 7640 7641 7642 7643 7644 7659 7660 7669 7670 7671 7672 7673 
	}
}
rio_grande={
	location=2499
	outgoing={
		name="mississippi_river"
		path={
			1508 1507 
		}
		control={
			1232.000 1568.000 1242.000 1561.000 1257.000 1556.000 1269.000 1554.000 1288.000 1559.000 1332.000 1587.000 1381.000 1598.000 1414.000 1605.000 1421.000 1628.000 
		}
	}
	outgoing={
		name="mexico"
		path={
			1508 1509 2647 2628 2646 849 1551 
		}
		control={
			1234.000 1563.000 1247.000 1557.000 1263.000 1553.000 1274.000 1546.000 1268.000 1511.000 1259.000 1487.000 1249.000 1482.000 1243.000 1474.000 1236.000 1465.000 1227.000 1457.000 1231.000 1452.000 1229.000 1444.000 1234.000 1439.000 
		}
	}
	members={
		858 861 863 864 880 881 882 883 884 885 887 888 2495 2496 2497 2498 2499 2500 2614 2618 2619 2665 2666 2667 2668 2669 4606 4627 4628 4629 4630 4631 4632 4644 4646 4909 4910 5826 5827 5830 5832 5844 7472 7473 7474 7475 7476 7477 7478 7479 7480 7481 7482 7483 7484 7485 7486 7487 7514 7515 7516 7517 7518 7519 7520 7521 7523 7524 7525 7526 7528 
	}
}
ohio_river_trade={
	location=940
	inland=yes
	outgoing={
		name="chesapeake_bay"
		path={
			1508 1507 
		}
		control={
			1468.000 1788.000 1460.000 1789.000 1455.000 1784.000 1452.000 1786.000 1444.000 1784.000 1431.000 1782.000 1428.000 1776.000 1422.000 1772.000 1424.000 1770.000 1430.000 1766.000 1434.000 1757.000 1437.000 1754.000 1443.000 1756.000 1451.000 1749.000 1462.000 1754.000 1470.000 1753.000 1476.000 1761.000 1485.000 1765.000 1497.000 1765.000 1509.000 1762.000 1527.000 1757.000 1544.000 1762.000 1563.000 1769.000 1584.000 1768.000 1590.000 1774.000 1602.000 1781.000 1617.000 1778.000 1626.000 1771.000 
		}
	}
	outgoing={
		name="mississippi_river"
		path={
			1508 1507 
		}
		control={
			1467.000 1787.000 1460.000 1789.000 1455.000 1784.000 1452.000 1786.000 1444.000 1784.000 1431.000 1782.000 1428.000 1776.000 1422.000 1772.000 1421.000 1769.000 1413.000 1771.000 1410.000 1766.000 1410.000 1760.000 1402.000 1756.000 1401.000 1744.000 1397.000 1739.000 1394.000 1730.000 1386.000 1722.000 1379.000 1709.000 1376.000 1695.000 1374.000 1685.000 1378.000 1676.000 1376.000 1670.000 1369.000 1660.000 1367.000 1651.000 1371.000 1645.000 1374.000 1637.000 1381.000 1631.000 1393.000 1629.000 1396.000 1629.000 1399.000 1631.000 1406.000 1634.000 
		}
	}
	outgoing={
		name="ohio"
		path={
			1508 1509 2647 2628 2646 849 1551 
		}
		control={
			1468.000 1788.000 1460.000 1789.000 1455.000 1784.000 1452.000 1786.000 1444.000 1784.000 1431.000 1782.000 1432.000 1789.000 1437.000 1796.000 1439.000 1805.000 1440.000 1815.000 1443.000 1823.000 1442.000 1829.000 1447.000 1835.000 1457.000 1841.000 1468.000 1841.000 1473.000 1845.000 1484.000 1848.000 1492.000 1852.000 1499.000 1854.000 1506.000 1856.000 1513.000 1861.000 1517.000 1864.000 1518.000 1869.000 1518.000 1872.000 
		}
	}
	members={
		905 2513 4905 4906 7451 7453 7458 7460 900 902 7452 7454 7455 2520 4904 7422 7423 916 917 2519 7421 7424 7425 7426 934 939 940 941 2526 4921 7363 7364 7365 7371 948 2525 4907 7401 7403 7404 7406 942 943 2523 2524 7407 7409 7410 7411 951 2551 2555 4888 4889 7366 7325 7327 7346 
	}
}
mississippi_river={
	location=893
	color={
		161 128 67 
	}
	outgoing={
		name="florida_straights_trade"
		path={
			1507 1506 1505 1525 1524 1516 
		}
		control={
			1406.000 1634.000 1418.000 1632.000 1421.000 1628.000 1436.000 1623.000 1465.000 1619.000 1480.000 1612.000 1503.000 1615.000 1517.000 1586.000 1531.000 1555.000 1547.000 1538.000 1553.000 1530.000 
		}
	}
	outgoing={
		name="chesapeake_bay"
		path={
			1507 922 924 7378 2532 7379 7361 2540 7355 933 7356 2543 1502 1501 950 
		}
		control={
			1418.000 1632.000 1431.000 1632.000 1430.000 1640.000 1432.000 1654.000 1442.000 1664.000 1442.000 1671.000 1449.000 1677.000 1462.000 1679.000 1482.000 1690.000 1498.000 1707.000 1512.000 1706.000 1528.000 1709.000 1553.000 1710.000 1562.000 1703.000 1572.000 1698.000 1574.000 1690.000 1577.000 1682.000 1591.000 1679.000 1623.000 1702.000 1656.000 1730.000 1654.000 1759.000 1644.000 1766.000 1636.000 1765.000 
		}
	}
	members={
		922 923 2530 2533 7380 7381 7388 7389 7391 7436 919 920 4884 7383 7386 7470 924 925 2531 2532 4883 7374 7376 7377 7378 7379 4913 7370 7368 7369 7375 7385 893 921 7387 7435 7437 7438 7469 2014 2516 7439 7440 7441 7449 894 4886 7442 7443 7446 895 897 2514 4885 4923 7444 7445 918 2528 2529 4887 7382 7384 899 2509 2515 7447 7448 7450 7456 7457 890 898 4908 4914 7489 7490 7491 7500 886 896 4911 7471 7488 
	}
}
james_bay={
	location=1487
	color={
		193 192 14 
	}
	outgoing={
		name="st_lawrence"
		path={
			5464 1486 1004 1002 2590 2588 991 2585 2584 2583 994 5476 1490 
		}
		control={
			1509.000 2236.000 1551.000 2185.000 1563.000 2109.000 1571.000 2072.000 1576.000 2062.000 1579.000 2056.000 1588.000 2047.000 1593.000 2035.000 1601.000 2024.000 1609.000 2014.000 1606.000 2009.000 1610.000 2004.000 1607.000 1996.000 1599.000 1989.000 1595.000 1989.000 1597.000 1984.000 1592.000 1984.000 1579.000 1980.000 1587.000 1968.000 1597.000 1956.000 1612.000 1954.000 1626.000 1946.000 1629.000 1946.000 1634.000 1939.000 1648.000 1938.000 1660.000 1940.000 1667.000 1941.000 1673.000 1940.000 1681.000 1936.000 1687.000 1938.000 1695.000 1951.000 1705.000 1955.000 1718.000 1963.000 1732.000 1968.000 1747.000 1979.000 1763.000 1996.000 1788.000 2013.000 1809.000 2020.000 
		}
	}
	outgoing={
		name="north_sea"
		path={
			1488 1485 5465 5472 1483 1924 1481 1477 1476 1299 1281 1975 
		}
		control={
			1509.000 2236.000 1555.000 2322.000 1637.000 2328.000 1710.000 2326.000 1811.000 2271.000 1852.000 2281.000 1914.000 2232.000 2047.000 2297.000 2130.000 2272.000 2168.000 2270.000 2223.000 2247.000 2362.000 2297.000 2554.000 2323.000 2607.000 2344.000 2662.000 2334.000 2782.000 2351.000 2870.000 2291.000 2937.000 2269.000 2992.000 2279.000 
		}
	}
	outgoing={
		name="ohio"
		path={
			1486 1004 2591 2015 1001 911 945 2521 944 946 947 948 
		}
		control={
			1509.000 2236.000 1551.000 2185.000 1563.000 2109.000 1571.000 2072.000 1562.000 2062.000 1553.000 2055.000 1549.000 2051.000 1536.000 2038.000 1536.000 2030.000 1544.000 2022.000 1546.000 2007.000 1548.000 1999.000 1545.000 1988.000 1549.000 1977.000 1557.000 1947.000 1551.000 1937.000 1535.000 1932.000 1535.000 1901.000 1530.000 1889.000 1529.000 1886.000 1527.000 1879.000 1522.000 1874.000 1518.000 1872.000 
		}
	}
	members={
		1487 998 999 1000 1003 1004 1005 1006 1008 1009 1010 1011 1805 1806 1807 1811 1813 2004 2005 2016 2017 2589 2591 2592 2593 2594 2596 2597 2598 2602 2511 1002 4990 4991 4992 4993 4994 4995 4996 4997 4999 5002 5003 5004 5005 5006 5125 2595 5034 5035 5036 5067 5068 5069 5594 2018 5623 4919 5625 4901 5634 5635 5636 5637 5783 5784 5785 5786 5787 5788 5789 5088 5089 5573 5580 5587 5611 5639 5640 5641 5901 5902 5903 5070 5071 1104 1105 3111 3112 3113 4998 5007 5588 5589 5590 5592 5593 5595 5596 1804 5939 6469 6461 6462 6465 6466 7462 7509 7510 
	}
}
ohio={
	location=944
	color={
		129 214 238 
	}
	inland=yes
	outgoing={
		name="chesapeake_bay"
		path={
			2551 2553 2550 1501 1500 
		}
		control={
			1518.000 1871.000 1518.000 1865.000 1527.000 1863.000 1537.000 1860.000 1540.000 1857.000 1540.000 1853.000 1543.000 1846.000 1547.000 1839.000 1548.000 1834.000 1542.000 1831.000 1537.000 1827.000 1543.000 1818.000 1547.000 1815.000 1547.000 1815.000 1542.000 1807.000 1536.000 1806.000 1532.000 1796.000 1529.000 1794.000 1537.000 1782.000 1548.000 1774.000 1555.000 1774.000 1563.000 1769.000 1584.000 1768.000 1590.000 1774.000 1602.000 1781.000 1617.000 1778.000 1626.000 1771.000 1634.000 1768.000 
		}
	}
	outgoing={
		name="st_lawrence"
		path={
			947 1660 987 1659 989 2585 2584 2583 994 5476 1490 
		}
		control={
			1518.000 1869.000 1518.000 1865.000 1527.000 1863.000 1543.000 1868.000 1567.000 1873.000 1586.000 1880.000 1593.000 1884.000 1593.000 1887.000 1589.000 1891.000 1590.000 1896.000 1606.000 1901.000 1623.000 1901.000 1634.000 1909.000 1642.000 1914.000 1646.000 1916.000 1652.000 1921.000 1662.000 1928.000 1668.000 1929.000 1681.000 1936.000 1687.000 1938.000 1695.000 1951.000 1705.000 1955.000 1718.000 1963.000 1732.000 1968.000 1747.000 1979.000 1763.000 1996.000 1788.000 2013.000 1809.000 2020.000 
		}
	}
	outgoing={
		name="massachusets_bay_trade"
		path={
			947 1660 987 1659 989 2585 2584 2583 994 5476 1490 
		}
		control={
			1518.000 1869.000 1518.000 1865.000 1527.000 1863.000 1543.000 1868.000 1567.000 1873.000 1586.000 1880.000 1593.000 1884.000 1593.000 1887.000 1589.000 1891.000 1590.000 1896.000 1606.000 1901.000 1623.000 1901.000 1634.000 1898.000 1635.000 1897.000 1638.000 1891.000 1643.000 1891.000 1648.000 1890.000 1654.000 1890.000 1664.000 1888.000 1671.000 1885.000 1678.000 1885.000 1685.000 1882.000 1685.000 1881.000 1682.000 1871.000 1680.000 1864.000 1680.000 1857.000 1682.000 1852.000 1680.000 1845.000 1684.000 1844.000 1689.000 1846.000 1703.000 1849.000 1717.000 1851.000 1727.000 1853.000 1736.000 1854.000 1745.000 1859.000 1753.000 1861.000 1751.000 1871.000 1742.000 1872.000 1736.000 1874.000 
		}
	}
	members={
		946 947 954 4872 7315 7402 7405 7413 915 4903 4922 7408 7412 7414 7419 7420 7427 944 945 2521 2522 7415 7416 7417 7418 910 911 2517 2518 4898 4902 7468 7428 7429 912 913 914 4899 7430 7431 7432 7433 7434 987 989 2670 5038 5904 6438 6436 6440 1001 1007 2015 4973 6468 6460 6467 2586 2587 5037 5039 6439 6437 988 2671 6441 958 959 960 7312 7313 7314 
	}
}
laplata={
	location=1536
	outgoing={
		name="brazil"
		path={
			1535 1534 1533 1532 1531 
		}
		control={
			2032.000 441.000 2093.000 485.000 2174.000 621.000 2278.000 671.000 2339.000 823.000 
		}
	}
	outgoing={
		name="cuiaba"
		path={
			778 2848 777 2858 775 776 2881 2882 800 
		}
		control={
			1971.000 448.000 1930.000 474.000 1914.000 490.000 1934.000 523.000 1935.000 546.000 1954.000 592.000 1978.000 638.000 1965.000 688.000 1961.000 723.000 
		}
	}
	members={
		772 773 775 776 777 778 779 790 1536 2843 2844 2883 2845 2846 2847 2848 2849 2850 2851 2852 2853 2854 2855 2857 2858 2859 2860 2861 2865 2866 2877 2878 2879 2884 2887 2882 799 
	}
}
cuiaba={
	location=800
	outgoing={
		name="lima"
		path={
			2832 2833 2830 808 810 809 
		}
		control={
			1847.000 830.000 1754.000 848.000 1714.000 839.000 1674.000 865.000 
		}
	}
	members={
		800 2902 2901 2832 803 801 2835 2834 2838 794 2942 797 2941 2940 2946 795 793 2900 796 2840 2839 2837 792 791 2841 2836 2833 2842 
	}
}
lima={
	location=809
	outgoing={
		name="panama"
		path={
			1545 1546 1547 1548 835 
		}
		control={
			1602.000 877.000 1532.000 985.000 1554.000 1101.000 1601.000 1166.000 
		}
	}
	outgoing={
		name="bogota_trade"
		path={
			825 
		}
		control={
			1602.000 877.000 1532.000 985.000 1559.000 1024.000 1569.000 1037.000 1578.000 1048.000 1576.000 1065.000 1585.000 1077.000 1592.000 1080.000 1602.000 1078.000 1606.000 1089.000 1614.000 1102.000 1621.000 1115.000 1630.000 1124.000 1636.000 1143.000 1639.000 1157.000 1644.000 1166.000 1652.000 1164.000 1659.000 1161.000 1664.000 1160.000 1671.000 1156.000 
		}
	}
	members={
		802 804 805 806 807 808 809 810 811 812 813 814 815 816 817 818 821 1544 2821 2822 2823 2824 2825 2826 2827 2828 2829 2830 2831 2943 2944 2945 2947 6769 6775 6793 6814 6820 6825 6826 6827 6828 6829 6830 6831 6832 6833 6834 6836 6837 6838 6844 6845 6846 
	}
}
bogota_trade={
	location=825
	outgoing={
		name="panama"
		path={
			835 
		}
		control={
			1671.000 1156.000 1664.000 1160.000 1667.000 1178.000 1669.000 1194.000 1673.000 1202.000 1681.000 1209.000 1680.000 1215.000 1681.000 1228.000 1684.000 1234.000 1680.000 1246.000 1676.000 1241.000 1667.000 1246.000 1664.000 1260.000 1665.000 1263.000 1663.000 1266.000 1660.000 1270.000 1654.000 1265.000 1639.000 1257.000 1624.000 1273.000 1598.000 1277.000 
		}
	}
	outgoing={
		name="caracas_trade"
		path={
			831 
		}
		control={
			1680.000 1171.000 1688.000 1174.000 1695.000 1172.000 1703.000 1165.000 1707.000 1162.000 1717.000 1163.000 1732.000 1172.000 1739.000 1180.000 1751.000 1186.000 1754.000 1193.000 1769.000 1195.000 1792.000 1197.000 1795.000 1195.000 1799.000 1197.000 1804.000 1206.000 1802.000 1210.000 1809.000 1214.000 1815.000 1222.000 1801.000 1226.000 1797.000 1232.000 1796.000 1236.000 1797.000 1244.000 1798.000 1249.000 1803.000 1252.000 1813.000 1253.000 1822.000 1263.000 1819.000 1271.000 
		}
	}
	members={
		819 820 823 824 825 826 827 828 829 832 2806 2817 2818 2820 4596 4599 4600 4601 4602 4603 4604 4607 6702 6703 6704 6705 6707 6708 6709 6711 6712 6713 6714 6715 6716 6717 6718 6719 6721 6722 6723 6724 6725 6726 6727 6728 6729 6730 6731 6732 6733 6734 6735 6736 6737 6738 6739 6740 6741 6742 6744 6745 6746 6747 6748 6749 6750 6751 6753 6754 6755 6756 6757 6758 6759 6760 6761 6762 6763 6764 6765 6766 6767 6768 6770 6771 6772 6773 6774 6776 6777 6778 6779 6780 6781 6782 6807 6808 6809 6810 6811 6812 6813 6815 6816 6817 6818 6819 6821 6822 6823 6824 6843 
	}
}
caracas_trade={
	location=831
	outgoing={
		name="carribean_trade"
		path={
			1521 
		}
		control={
			1807.000 1304.000 
		}
	}
	members={
		6881 741 830 831 834 2803 2805 2807 2808 2809 2810 2813 2939 4609 4610 4611 4612 4613 4614 4615 4616 6839 6847 6848 6849 6850 6851 6852 6853 6854 6855 6856 6857 6858 6859 6860 6861 6862 6863 6864 6865 6866 6867 6868 6869 6870 6871 6872 6873 6874 6875 6876 6877 6878 6879 6880 6882 6883 6884 6885 6886 6887 6888 6889 6890 
	}
}
mexico={
	location=852
	outgoing={
		name="florida_straights_trade"
		path={
			847 844 2631 1510 1511 1512 1518 1516 
		}
		control={
			1247.000 1437.000 1257.000 1445.000 1268.000 1444.000 1277.000 1440.000 1274.000 1429.000 1279.000 1423.000 1289.000 1424.000 1299.000 1436.000 1338.000 1434.000 1368.000 1443.000 1387.000 1473.000 1436.000 1482.000 1470.000 1486.000 1507.000 1506.000 1542.000 1515.000 
		}
	}
	outgoing={
		name="yucatan_trade"
		path={
			1550 1549 1548 835 
		}
		control={
			1237.000 1436.000 1247.000 1437.000 1257.000 1445.000 1268.000 1444.000 1277.000 1440.000 1274.000 1429.000 1279.000 1423.000 1289.000 1424.000 1299.000 1436.000 1338.000 1434.000 1368.000 1443.000 
		}
	}
	members={
		844 847 848 849 850 852 853 2626 2627 2628 2629 2630 2631 2641 2642 2644 2645 2646 2647 2648 2649 4570 4571 4572 4581 4582 4583 4584 4598 7598 7608 7609 7610 7611 7612 7613 7614 7615 7616 7617 7618 7619 7620 7621 7622 7632 7638 7645 7646 7647 7648 7649 7650 7651 7652 7653 7654 7655 7656 7657 7658 7667 7668 
	}
}
yucatan_trade={
	location=845
	outgoing={
		name="florida_straights_trade"
		path={
			847 844 2631 1510 1511 1512 1518 1516 
		}
		control={
			1368.000 1443.000 1387.000 1473.000 1436.000 1482.000 1470.000 1486.000 1507.000 1506.000 1542.000 1515.000 
		}
	}
	outgoing={
		name="panama"
		path={
			1550 1549 1548 835 
		}
		control={
			1368.000 1443.000 1387.000 1473.000 1436.000 1482.000 1459.000 1474.000 1455.000 1452.000 1452.000 1403.000 1507.000 1369.000 1522.000 1351.000 1517.000 1329.000 1523.000 1306.000 1548.000 1290.000 1585.000 1282.000 
		}
	}
	members={
		839 841 842 843 845 846 2632 2633 2634 2635 2636 2637 2638 2650 2651 2652 2653 4585 4586 4587 4588 4589 4590 4591 4593 4594 7553 7554 7555 7556 7557 7558 7559 7560 7564 7565 7566 7567 7568 7569 7570 7571 7572 7573 7574 7575 7576 7577 7579 7580 7581 7582 7583 7584 7585 7586 7587 7588 7589 7590 7591 7592 7593 7594 7595 7596 7597 7599 7600 7605 7607 7661 7662 7663 7664 7665 7666 7674 
	}
}
african_great_lakes={
	location=1649
	color={
		57 168 220 
	}
	inland=yes
	outgoing={
		name="zanzibar"
		path={
			1273 1202 
		}
		control={
			3597.000 1015.000 3628.000 971.000 3699.000 949.000 
		}
	}
	outgoing={
		name="kongo"
		path={
			4063 4070 4099 
		}
		control={
			3549.000 1047.000 3529.000 1010.000 
		}
	}
	members={
		1273 1649 1798 1799 1925 2781 4051 4052 4053 4054 4055 4056 4057 4058 4059 4060 4061 4062 4063 4064 4065 4066 4067 4068 4069 4070 4071 4072 4073 4074 4075 4076 4077 2777 
	}
}
kongo={
	location=4097
	color={
		171 148 148 
	}
	inland=yes
	outgoing={
		name="ivory_coast"
		path={
			1170 1464 
		}
		control={
			3411.000 1014.000 3353.000 1015.000 3289.000 1036.000 3217.000 991.000 3147.000 1038.000 3137.000 1138.000 3048.000 1156.000 
		}
	}
	outgoing={
		name="zambezi"
		path={
			4046 1191 1187 
		}
		control={
			3505.000 952.000 3545.000 919.000 3576.000 877.000 3540.000 814.000 3584.000 810.000 
		}
	}
	members={
		4081 4082 4083 4084 4085 4086 4087 4088 4089 4090 4091 4092 4093 4094 4095 4096 4097 4098 4099 4101 4105 4100 4107 4102 4103 4109 2948 
	}
}
namibia_trade={
	location=5393
	inland=yes
	outgoing={
		name="cape_of_good_hope"
		path={
			5391 5389 5425 1175 5246 5345 5343 5342 1177 1460 
		}
		control={
			3310.000 673.000 3303.000 659.000 3297.000 641.000 3302.000 629.000 3298.000 610.000 3306.000 595.000 3309.000 584.000 3305.000 572.000 3305.000 568.000 3305.000 561.000 3299.000 554.000 3302.000 541.000 3304.000 534.000 3307.000 529.000 3313.000 519.000 3320.000 509.000 3323.000 499.000 3322.000 489.000 3318.000 480.000 3324.000 466.000 3322.000 462.000 3315.000 464.000 
		}
	}
	outgoing={
		name="zambezi"
		path={
			5394 5404 5406 5407 5413 5414 5415 5416 5369 1184 2950 2951 1191 
		}
		control={
			3294.000 710.000 3311.000 724.000 3320.000 738.000 3337.000 747.000 3351.000 764.000 3367.000 762.000 3371.000 764.000 3377.000 762.000 3380.000 761.000 3384.000 759.000 3392.000 759.000 3405.000 762.000 3410.000 762.000 3413.000 759.000 3415.000 756.000 3419.000 755.000 3427.000 757.000 3442.000 753.000 3454.000 735.000 3478.000 719.000 3480.000 713.000 3480.000 710.000 3482.000 706.000 3485.000 701.000 3489.000 697.000 3492.000 698.000 3496.000 697.000 3501.000 697.000 3505.000 696.000 3509.000 695.000 3510.000 694.000 3513.000 693.000 3515.000 690.000 3517.000 687.000 3520.000 687.000 3524.000 687.000 3536.000 690.000 3545.000 706.000 3555.000 739.000 3582.000 760.000 
		}
	}
	members={
		5363 5388 5389 5390 5391 5392 5393 5394 5395 5396 5397 5398 5399 5400 5401 5402 5404 5405 5408 5409 5419 5420 5424 2856 4782 5365 5366 5367 5376 4781 5378 5383 5386 5425 5403 5368 4784 5421 5360 5422 5423 2864 2880 5347 5362 5385 5384 5406 5410 5411 5412 5427 5407 5413 5415 5416 5417 5418 5369 5380 5381 5414 4783 5426 1174 5387 1175 
	}
}
zambezi={
	location=1191
	color={
		32 164 51 
	}
	inland=yes
	outgoing={
		name="zanzibar"
		path={
			1192 1195 1196 
		}
		control={
			3621.000 782.000 3646.000 766.000 3664.000 776.000 3689.000 785.000 3702.000 797.000 3710.000 804.000 3713.000 812.000 3715.000 821.000 3713.000 830.000 3712.000 846.000 3713.000 866.000 3711.000 882.000 3712.000 894.000 3698.000 912.000 3723.000 928.000 3739.000 959.000 
		}
	}
	members={
		1184 1185 1187 1188 1189 1190 1191 2950 2951 2952 4034 4035 4036 4037 4038 4039 4040 4041 4042 4043 4044 4045 4046 4047 4048 4050 4104 4106 4108 
	}
}
katsina={
	location=1149
	inland=yes
	outgoing={
		name="timbuktu"
		path={
			1148 2273 2269 2268 1133 2262 1132 
		}
		control={
			3086.000 1319.000 3059.000 1299.000 3019.000 1336.000 3001.000 1373.000 2976.000 1391.000 
		}
	}
	outgoing={
		name="ivory_coast"
		path={
			1154 1145 1146 2289 1147 1465 1466 
		}
		control={
			3129.000 1286.000 3131.000 1276.000 3122.000 1270.000 3118.000 1264.000 3106.000 1262.000 3099.000 1249.000 3114.000 1230.000 3113.000 1206.000 3094.000 1190.000 3061.000 1182.000 3006.000 1176.000 
		}
	}
	outgoing={
		name="tuat_trade"
		path={
			2279 1156 9069 2277 9086 9066 9067 9110 9109 9106 9105 2449 9111 5309 
		}
		control={
			3137.000 1334.000 3170.000 1356.000 3161.000 1385.000 3165.000 1406.000 3159.000 1416.000 3146.000 1421.000 3139.000 1438.000 3126.000 1447.000 3090.000 1448.000 3072.000 1464.000 3080.000 1486.000 3082.000 1518.000 3065.000 1537.000 3049.000 1559.000 3036.000 1569.000 3018.000 1578.000 2999.000 1577.000 
		}
	}
	members={
		1144 1146 1162 1145 1152 1153 1150 1154 1155 1157 1158 1160 1161 1249 1149 1148 2278 2279 2280 2281 2282 2283 2284 2285 2286 2287 2288 2293 1159 
	}
}
ethiopia={
	location=1224
	inland=yes
	outgoing={
		name="dongola_trade"
		path={
			1224 2771 4033 1225 5284 5302 5281 
		}
		control={
			3671.000 1312.000 3681.000 1313.000 3681.000 1313.000 3684.000 1321.000 3682.000 1328.000 3678.000 1331.000 3671.000 1331.000 3665.000 1334.000 3659.000 1344.000 3653.000 1340.000 3634.000 1340.000 3635.000 1354.000 3627.000 1368.000 3626.000 1382.000 3615.000 1394.000 3601.000 1403.000 3598.000 1412.000 3595.000 1418.000 3592.000 1423.000 3592.000 1429.000 3585.000 1435.000 3576.000 1429.000 3572.000 1424.000 3568.000 1423.000 3559.000 1412.000 3551.000 1407.000 3542.000 1413.000 
		}
	}
	outgoing={
		name="gulf_of_aden"
		path={
			1214 2791 1211 2773 1212 1330 1331 
		}
		control={
			3676.000 1285.000 3697.000 1287.000 3711.000 1273.000 3714.000 1259.000 3734.000 1252.000 3757.000 1257.000 3768.000 1270.000 3779.000 1279.000 3797.000 1278.000 3826.000 1290.000 
		}
	}
	members={
		1227 2767 8883 8885 8886 1211 2764 2773 2793 8860 8861 8862 8863 2758 4158 8843 8844 1218 2756 8827 8828 8829 8832 1214 2768 2769 8858 8859 8867 8868 8870 8884 2762 2763 8831 8849 8850 8851 8852 8853 8854 1213 2791 8855 8856 8857 8865 8866 5297 8895 8896 8897 8898 2771 8880 8881 8882 1224 2772 8869 8871 8878 8879 1223 2770 8872 8873 8874 8875 8876 8877 2757 2759 8842 8845 8846 8847 8848 8835 8836 8837 8838 8839 8840 8841 1210 2760 2761 8813 8833 8834 8810 8811 8812 8814 8815 8816 8817 8818 8819 8820 8821 8822 8823 8824 8825 8826 
	}
}
darfur_trade={
	location=9050
	inland=yes
	outgoing={
		name="tripoli_trade"
		path={
			9058 9060 9061 9062 9102 9101 9099 9098 9103 355 2451 5311 
		}
		control={
			3398.000 1348.000 3381.000 1379.000 3339.000 1402.000 3290.000 1435.000 3259.000 1472.000 3251.000 1512.000 3249.000 1528.000 3236.000 1545.000 3254.000 1577.000 3276.000 1597.000 3279.000 1629.000 3269.000 1660.000 3243.000 1678.000 
		}
	}
	outgoing={
		name="dongola_trade"
		path={
			9049 9046 9045 9044 1221 5286 1222 5285 9022 2797 5284 9013 5302 5281 9012 
		}
		control={
			3423.000 1323.000 3437.000 1305.000 3463.000 1304.000 3497.000 1311.000 3532.000 1321.000 3568.000 1334.000 3568.000 1347.000 3572.000 1352.000 3573.000 1357.000 3577.000 1377.000 3588.000 1384.000 3595.000 1388.000 3596.000 1395.000 3601.000 1403.000 3598.000 1412.000 3595.000 1418.000 3592.000 1423.000 3592.000 1429.000 3585.000 1435.000 3576.000 1429.000 3572.000 1424.000 3568.000 1423.000 3559.000 1412.000 3551.000 1407.000 3542.000 1413.000 
		}
	}
	outgoing={
		name="alexandria"
		path={
			9051 9052 9053 5266 9054 5301 9089 9090 1233 2319 9081 2317 9080 5267 4318 361 2316 4317 
		}
		control={
			3423.000 1356.000 3451.000 1366.000 3457.000 1389.000 3462.000 1418.000 3485.000 1438.000 3515.000 1466.000 3537.000 1493.000 3537.000 1522.000 3539.000 1554.000 3552.000 1574.000 3547.000 1579.000 3544.000 1584.000 3545.000 1588.000 3543.000 1595.000 3545.000 1605.000 3549.000 1613.000 3552.000 1627.000 3549.000 1632.000 3545.000 1638.000 3542.000 1645.000 3532.000 1652.000 3526.000 1651.000 
		}
	}
	members={
		774 1216 1219 1221 1795 2475 2801 2802 2932 5266 5286 5300 5301 8978 8980 8981 8982 8983 8984 9029 9031 9032 9033 9034 9035 9036 9037 9038 9039 9040 9041 9042 9043 9044 9045 9046 9047 9048 9049 9050 9051 9052 9053 9054 9055 9056 9057 9058 9059 9060 9061 9062 9063 9064 9065 9066 9067 9089 9099 9100 9101 9102 9110 
	}
}
dongola_trade={
	location=1228
	inland=yes
	outgoing={
		name="alexandria"
		path={
			5279 5277 2322 1234 5278 1231 4319 360 4320 2319 2317 5267 4318 361 4317 358 
		}
		control={
			3538.000 1423.000 3538.000 1430.000 3535.000 1440.000 3539.000 1444.000 3539.000 1448.000 3535.000 1455.000 3538.000 1460.000 3544.000 1468.000 3548.000 1473.000 3552.000 1478.000 3554.000 1484.000 3560.000 1488.000 3568.000 1495.000 3570.000 1493.000 3574.000 1495.000 3576.000 1499.000 3580.000 1504.000 3581.000 1510.000 3580.000 1519.000 3581.000 1527.000 3580.000 1537.000 3576.000 1540.000 3573.000 1546.000 3578.000 1552.000 3576.000 1557.000 3568.000 1556.000 3560.000 1565.000 3552.000 1574.000 3547.000 1579.000 3544.000 1584.000 3545.000 1588.000 3543.000 1595.000 3545.000 1605.000 3549.000 1613.000 3552.000 1627.000 3549.000 1632.000 3545.000 1638.000 3542.000 1645.000 3534.000 1651.000 3526.000 1651.000 
		}
	}
	members={
		1217 1220 1222 1225 1226 1228 1229 1234 2322 2323 2797 2798 2799 2800 4033 4322 5277 5278 5279 5281 5284 5285 5287 5289 5290 5302 8965 8971 8972 9007 9009 9010 9011 9012 9013 9014 9016 9017 9018 9019 9020 9021 9022 9023 9024 9025 9026 9027 9028 9030 9088 
	}
}
timbuktu={
	location=1132
	inland=yes
	outgoing={
		name="ivory_coast"
		path={
			2259 2263 1135 2252 2254 2255 2257 2258 1466 
		}
		control={
			2949.000 1349.000 2938.000 1301.000 2954.000 1244.000 2957.000 1218.000 2957.000 1196.000 
		}
	}
	outgoing={
		name="tuat_trade"
		path={
			1130 9154 9149 9148 9147 
		}
		control={
			2954.000 1409.000 2986.000 1415.000 3026.000 1438.000 3034.000 1476.000 3020.000 1491.000 3018.000 1521.000 3004.000 1538.000 3001.000 1568.000 
		}
	}
	outgoing={
		name="adrar_trade"
		path={
			1129 2247 9157 9159 9160 9161 
		}
		control={
			2924.000 1391.000 2892.000 1412.000 2855.000 1399.000 2835.000 1412.000 2802.000 1416.000 2772.000 1409.000 2760.000 1435.000 
		}
	}
	members={
		2291 1122 1125 2251 1135 1137 2265 2266 1136 2295 2256 2267 2252 2253 2254 2255 1138 1140 1120 1121 1124 1123 1131 1132 1134 1133 1142 2248 2249 2250 2259 2260 2261 2262 2263 2264 2268 2269 2270 2292 1143 
	}
}
girin={
	location=730
	color={
		41 82 45 
	}
	outgoing={
		name="siberia"
		path={
			2188 2187 725 724 1058 1057 1060 1062 2443 1064 
		}
		control={
			5245.000 1923.000 5201.000 1968.000 5226.000 2018.000 5243.000 2063.000 5189.000 2103.000 5126.000 2103.000 5081.000 2072.000 5013.000 2064.000 4930.000 2071.000 4831.000 2071.000 4811.000 2162.000 4801.000 2230.000 
		}
	}
	outgoing={
		name="beijing"
		path={
			2110 726 704 1816 
		}
		control={
			5221.000 1895.000 5186.000 1864.000 5145.000 1847.000 5120.000 1828.000 
		}
	}
	outgoing={
		name="nippon"
		path={
			2111 2743 1377 1376 
		}
		control={
			5265.000 1880.000 5292.000 1874.000 5320.000 1869.000 5344.000 1791.000 
		}
	}
	members={
		1850 1049 2107 2108 2111 2106 2186 1058 2102 2104 1053 2103 1034 1035 1036 1037 1038 1039 1040 1041 1042 1043 1044 1046 1047 1052 1783 2438 2439 2440 2446 1055 1056 1057 730 2110 2188 4201 1033 1048 1050 4214 4216 729 731 2105 4215 4217 722 2109 2187 4202 4203 724 725 4218 727 728 2185 4200 4654 4655 4656 4657 4658 4659 4660 4661 4662 4653 4663 4664 4665 4674 4675 4672 2115 
	}
}
lhasa={
	location=677
	inland=yes
	outgoing={
		name="lahore"
		path={
			2129 2128 2074 508 
		}
		control={
			4559.000 1621.000 4495.000 1628.000 4438.000 1654.000 4407.000 1687.000 4364.000 1710.000 4337.000 1723.000 
		}
	}
	outgoing={
		name="chengdu"
		path={
			2130 2132 678 679 
		}
		control={
			4665.000 1620.000 4711.000 1638.000 4744.000 1611.000 4763.000 1584.000 4803.000 1585.000 4831.000 1596.000 
		}
	}
	outgoing={
		name="ganges_delta"
		path={
			562 4479 
		}
		control={
			4597.000 1613.000 4588.000 1595.000 4592.000 1587.000 4596.000 1579.000 4594.000 1560.000 4585.000 1538.000 4590.000 1515.000 4598.000 1498.000 
		}
	}
	members={
		2129 2128 676 705 706 2134 4204 677 2130 4205 565 4481 4482 557 2070 2071 4483 4485 4514 4515 4516 4517 4518 4519 4520 4522 
	}
}
burma={
	location=584
	color={
		35 229 76 
	}
	inland=yes
	outgoing={
		name="ganges_delta"
		path={
			4396 1815 
		}
		control={
			4685.000 1452.000 4689.000 1438.000 4690.000 1419.000 4665.000 1411.000 4620.000 1455.000 
		}
	}
	outgoing={
		name="chengdu"
		path={
			8676 2400 583 2166 661 662 675 4213 679 
		}
		control={
			4701.000 1487.000 4701.000 1507.000 4710.000 1524.000 4720.000 1523.000 4728.000 1549.000 4737.000 1551.000 4744.000 1571.000 4738.000 1584.000 4747.000 1599.000 4763.000 1584.000 4803.000 1585.000 4831.000 1596.000 4855.000 1606.000 
		}
	}
	members={
		570 573 2041 584 2399 581 2398 580 4393 2397 566 571 2040 2042 4440 4394 4396 585 4395 583 588 2400 4397 4406 2401 4398 582 2395 2396 4404 4405 4844 8679 8677 8676 8552 8551 8553 8678 4400 
	}
}
chengdu={
	location=679
	inland=yes
	outgoing={
		name="canton"
		path={
			2168 673 2173 2174 2158 667 1371 
		}
		control={
			4896.000 1618.000 4946.000 1646.000 4993.000 1619.000 5003.000 1578.000 5004.000 1546.000 5011.000 1527.000 4997.000 1499.000 
		}
	}
	outgoing={
		name="xian"
		path={
			2169 689 700 
		}
		control={
			4894.000 1662.000 4932.000 1687.000 
		}
	}
	members={
		679 2132 2167 678 2135 2131 2133 661 2165 2166 680 4212 2169 2170 4211 675 2168 2748 4213 8554 660 4403 
	}
}
gulf_of_siam={
	location=1365
	color={
		84 152 93 
	}
	outgoing={
		name="malacca"
		path={
			1364 1362 1361 
		}
		control={
			4799.000 1228.000 4844.000 1186.000 4851.000 1121.000 
		}
	}
	outgoing={
		name="canton"
		path={
			1364 1366 1369 1370 1371 
		}
		control={
			4818.000 1286.000 4848.000 1242.000 4869.000 1237.000 4903.000 1262.000 4944.000 1298.000 4947.000 1391.000 
		}
	}
	members={
		589 592 600 601 602 603 604 605 606 609 607 608 611 612 614 615 1817 1823 1844 1365 2371 2374 2375 2376 2377 2378 2379 2380 2381 2382 2383 2384 2385 2386 2387 2388 2389 8624 4826 8681 4825 8625 8684 8683 4827 4828 4829 8652 4823 4824 8654 4839 4822 8653 4840 8728 8572 4836 4842 8576 8639 8618 8647 8598 8731 4837 8573 4831 4834 4830 8642 8580 8730 4832 4833 8641 8640 8587 4838 8682 8685 8646 8648 8656 4820 587 8644 8645 4841 
	}
}
canton={
	location=1371
	outgoing={
		name="malacca"
		path={
			1394 1367 1362 1361 
		}
		control={
			4990.000 1402.000 4985.000 1291.000 4918.000 1216.000 4915.000 1160.000 4876.000 1129.000 
		}
	}
	outgoing={
		name="hangzhou"
		path={
			1372 1373 684 
		}
		control={
			5092.000 1495.000 5152.000 1552.000 5173.000 1589.000 5173.000 1620.000 5160.000 1631.000 5152.000 1638.000 
		}
	}
	outgoing={
		name="philippines"
		path={
			1394 1395 1397 
		}
		control={
			5029.000 1455.000 5085.000 1435.000 5096.000 1379.000 5118.000 1338.000 5137.000 1327.000 5154.000 1323.000 5163.000 1314.000 5173.000 1312.000 
		}
	}
	members={
		2161 1371 610 613 616 664 665 666 667 668 672 1016 1840 2156 2157 2158 2159 2160 2162 2163 2164 2173 2174 2372 671 662 663 673 674 4199 2373 4821 8597 4819 8658 8593 8592 1022 
	}
}
the_moluccas={
	location=1357
	color={
		196 191 61 
	}
	outgoing={
		name="malacca"
		path={
			1358 1360 1361 
		}
		control={
			5090.000 968.000 4961.000 1016.000 4906.000 1072.000 
		}
	}
	outgoing={
		name="philippines"
		path={
			1399 1398 4357 1397 
		}
		control={
			5188.000 988.000 5189.000 1034.000 5213.000 1066.000 5223.000 1116.000 5173.000 1162.000 5159.000 1195.000 5135.000 1237.000 5155.000 1270.000 5161.000 1296.000 
		}
	}
	members={
		646 1357 647 645 2717 648 649 650 2725 2696 2695 635 633 634 643 2713 2714 642 2715 641 2716 632 627 2691 631 2693 2692 628 644 8633 8635 8634 8723 8569 8727 8726 8725 8724 8631 8722 8630 4796 8615 8707 8616 8704 4845 8614 4797 4798 4795 4799 4801 8702 4800 8627 4794 8619 8717 8708 8547 2709 2710 2711 2712 638 639 2707 2708 8698 8703 8565 626 629 2689 2690 4792 4793 8544 
	}
}
philippines={
	location=1397
	outgoing={
		name="panama"
		path={
			1436 1403 1434 1676 1734 1733 1735 1736 1740 1716 1707 1700 1547 1548 
		}
		control={
			5321.000 1289.000 5434.000 1214.000 5637.000 1134.000 5878.000 1094.000 6288.000 981.000 6569.000 969.000 457.000 995.000 726.000 981.000 1001.000 949.000 1234.000 940.000 1401.000 993.000 1524.000 1135.000 1581.000 1194.000 
		}
	}
	outgoing={
		name="malacca"
		path={
			4357 1368 1363 1361 
		}
		control={
			5165.000 1311.000 5153.000 1297.000 5135.000 1286.000 5119.000 1247.000 5077.000 1222.000 5028.000 1172.000 4938.000 1148.000 
		}
	}
	outgoing={
		name="hangzhou"
		path={
			1395 1393 1372 1373 684 
		}
		control={
			5167.000 1326.000 5149.000 1327.000 5135.000 1335.000 5116.000 1374.000 5140.000 1430.000 5132.000 1477.000 5128.000 1515.000 5171.000 1571.000 5181.000 1630.000 
		}
	}
	outgoing={
		name="nippon"
		path={
			4358 1396 1392 1389 1376 
		}
		control={
			5186.000 1311.000 5194.000 1312.000 5202.000 1306.000 5210.000 1326.000 5185.000 1420.000 5218.000 1512.000 5286.000 1566.000 5264.000 1632.000 5289.000 1671.000 5298.000 1694.000 5305.000 1702.000 
		}
	}
	outgoing={
		name="polynesia_node"
		path={
			4358 1396 1392 1389 1376 
		}
		control={
			5188.000 1291.000 5201.000 1288.000 5203.000 1270.000 5217.000 1259.000 5224.000 1265.000 5224.000 1273.000 5254.000 1270.000 5444.000 1237.000 5598.000 1265.000 5747.000 1246.000 5897.000 1265.000 5970.000 1345.000 
		}
	}
	members={
		1397 2701 2702 4355 652 653 4354 654 2700 4351 4352 4353 651 655 4356 657 658 2698 4348 656 2697 2699 4349 4350 8548 8549 8555 738 2154 2155 8715 8713 8714 8716 8712 8709 8711 8710 8720 8721 8700 637 2703 
	}
}
polynesia_node={
	location=1692
	color={
		220 138 57 
	}
	outgoing={
		name="nippon"
		path={
			1675 1672 1671 1439 1437 
		}
		control={
			6192.000 1591.000 6054.000 1660.000 5844.000 1760.000 5573.000 1844.000 5514.000 1861.000 5506.000 1857.000 5496.000 1859.000 5492.000 1854.000 5484.000 1848.000 5455.000 1805.000 5417.000 1771.000 5379.000 1744.000 5349.000 1740.000 
		}
	}
	outgoing={
		name="panama"
		path={
			1736 1740 1741 1711 1708 1702 1547 1548 835 
		}
		control={
			6406.000 1404.000 74.000 1321.000 174.000 1165.000 382.000 1026.000 607.000 1013.000 892.000 979.000 1209.000 959.000 1389.000 1019.000 1561.000 1184.000 
		}
	}
	members={
		1245 2718 2723 2724 2722 2721 1237 2720 2719 1236 1238 1239 1986 1242 1241 1991 1992 1993 1994 1235 1995 1996 1243 1989 1990 5023 1244 1987 5024 5025 5026 1988 1240 5028 1692 1997 4936 4935 4934 4937 4938 1789 
	}
	ai_will_propagate_through_trade=yes
}
nippon={
	location=1376
	outgoing={
		name="hangzhou"
		path={
			1389 1373 684 
		}
		control={
			5278.000 1687.000 5213.000 1649.000 
		}
	}
	members={
		1376 1012 1014 1017 1018 1019 1020 1021 1023 1024 1025 1026 1027 1028 1029 1030 1031 1032 1818 1819 1820 1825 1830 1832 1835 1837 1839 1843 1847 1852 4131 4180 4181 4182 4183 4184 4185 4186 4187 4188 4189 4190 4191 4192 4193 1015 4359 4360 4651 1845 2744 4232 732 2742 2743 733 735 4230 4231 734 736 2694 2745 4227 737 1013 2741 4228 4229 
	}
}
hangzhou={
	location=684
	outgoing={
		name="xian"
		path={
			2147 686 682 2171 700 
		}
		control={
			5089.000 1648.000 5035.000 1698.000 4997.000 1714.000 
		}
	}
	outgoing={
		name="beijing"
		path={
			1373 1374 1375 1816 
		}
		control={
			5153.000 1644.000 5159.000 1645.000 5163.000 1648.000 5173.000 1668.000 5171.000 1706.000 5184.000 1774.000 5132.000 1797.000 
		}
	}
	members={
		669 670 683 684 685 686 1821 1822 1824 1829 1833 1838 2143 2144 2145 2146 2147 2148 2149 2150 2151 2152 2153 2141 2142 4196 
	}
}
xian={
	location=700
	inland=yes
	outgoing={
		name="beijing"
		path={
			1836 692 2137 696 1816 
		}
		control={
			4964.000 1724.000 4984.000 1731.000 5001.000 1728.000 5031.000 1730.000 5055.000 1749.000 5074.000 1764.000 5094.000 1776.000 5104.000 1795.000 
		}
	}
	outgoing={
		name="yumen"
		path={
			2180 699 2182 708 707 
		}
		control={
			4918.000 1732.000 4896.000 1770.000 4848.000 1780.000 4798.000 1811.000 4749.000 1819.000 
		}
	}
	members={
		687 1836 2181 2180 698 699 688 692 2183 2175 2176 681 682 2171 2172 4197 689 700 2179 4198 701 709 2191 4223 4676 
	}
}
beijing={
	location=1816
	outgoing={
		name="yumen"
		path={
			2136 697 702 701 709 2191 707 
		}
		control={
			5078.000 1811.000 5049.000 1831.000 5012.000 1834.000 4934.000 1815.000 4829.000 1832.000 
		}
	}
	members={
		690 691 702 2138 2139 2140 2114 2747 703 1816 2136 4194 695 696 2137 4195 704 726 2112 2113 693 694 697 2177 2178 4233 4652 4671 4670 
	}
}
malacca={
	location=1361
	color={
		0 240 0 
	}
	outgoing={
		name="ganges_delta"
		path={
			1348 1347 1345 1344 1343 
		}
		control={
			4860.000 1093.000 4843.000 1095.000 4831.000 1109.000 4797.000 1129.000 4776.000 1151.000 4769.000 1159.000 4769.000 1188.000 4734.000 1216.000 4669.000 1263.000 4655.000 1329.000 4602.000 1391.000 
		}
	}
	outgoing={
		name="comorin_cape"
		path={
			1348 1350 1622 1614 1340 
		}
		control={
			4860.000 1093.000 4843.000 1095.000 4831.000 1109.000 4797.000 1129.000 4776.000 1151.000 4769.000 1159.000 4754.000 1164.000 4719.000 1189.000 4678.000 1190.000 4635.000 1164.000 4579.000 1156.000 4498.000 1189.000 4419.000 1177.000 
		}
	}
	members={
		593 594 595 596 597 598 599 617 618 619 620 621 622 623 636 640 659 1361 2390 2391 2392 2393 2394 2673 2674 2675 2676 4816 2677 2678 2679 2680 4817 2681 2682 2683 2684 2685 2686 2704 2705 2706 2740 4791 8623 4790 8695 8693 8571 8692 8603 4818 8604 8691 8602 4810 4808 8606 4811 8688 8689 4809 4815 8669 8670 4814 8675 8668 8632 8578 8577 8672 8559 8686 8699 8697 4803 4802 8680 4804 4805 8561 4806 8694 8667 4813 8674 4812 8673 8546 624 625 630 2687 2688 
	}
}
siberia={
	location=1064
	inland=yes
	outgoing={
		name="kazan"
		path={
			2433 1071 1075 1076 1078 305 1972 1082 
		}
		control={
			4482.000 2202.000 4394.000 2177.000 4243.000 2215.000 4185.000 2160.000 4112.000 2087.000 4012.000 2065.000 3967.000 2154.000 
		}
	}
	outgoing={
		name="samarkand"
		path={
			480 2434 478 2360 477 2361 1969 2363 454 
		}
		control={
			4498.000 2165.000 4381.000 2051.000 4271.000 2010.000 4215.000 1914.000 4213.000 1853.000 
		}
	}
	members={
		1782 1781 1071 479 1054 1059 1061 1062 1063 1064 1067 1068 1070 480 1069 1073 1074 1080 1078 1075 1076 2357 2369 2427 2428 2429 2430 2431 2432 2433 2434 2436 2437 2442 2443 2445 1780 1045 2435 1051 2441 2354 716 1065 1066 1060 4679 4686 4687 4688 4689 4690 4691 4692 
	}
}
yumen={
	location=707
	inland=yes
	outgoing={
		name="samarkand"
		path={
			2122 713 715 2120 461 2126 2364 457 1967 454 
		}
		control={
			4645.000 1828.000 4542.000 1841.000 4468.000 1841.000 4390.000 1813.000 4344.000 1816.000 4279.000 1840.000 4230.000 1828.000 
		}
	}
	members={
		710 1786 707 708 711 714 719 1784 2118 2119 2123 2189 2190 2194 2182 2184 2122 4206 4207 717 721 2116 4219 4220 720 2193 4221 713 715 2120 4208 718 2117 4222 712 2121 2192 4673 4666 4667 723 4669 4668 4681 4683 4682 4678 4677 4680 4684 4693 
	}
}
ganges_delta={
	location=1343
	outgoing={
		name="comorin_cape"
		path={
			1342 1341 1340 
		}
		control={
			4480.000 1395.000 4449.000 1322.000 4436.000 1260.000 4456.000 1205.000 4423.000 1186.000 4394.000 1218.000 
		}
	}
	outgoing={
		name="doab"
		path={
			1343 564 563 2044 558 2095 556 2063 
		}
		control={
			4562.000 1471.000 4563.000 1482.000 4562.000 1490.000 4564.000 1502.000 4560.000 1512.000 4557.000 1528.000 4548.000 1539.000 4524.000 1540.000 4496.000 1548.000 4470.000 1540.000 4448.000 1540.000 4434.000 1551.000 4405.000 1566.000 
		}
	}
	members={
		1343 553 2082 4447 4451 4452 547 2048 4445 4446 4448 561 2081 4476 4477 564 2039 4474 4475 4478 552 2038 2043 2049 4441 560 2096 4450 4470 4471 562 2045 2046 4486 563 2044 4479 568 579 2402 586 590 1815 2403 4399 558 4469 4472 4489 2047 4484 4487 4488 567 2091 4473 8636 591 2404 8651 8650 8643 8585 8584 4835 8600 
	}
}
doab={
	location=524
	color={
		236 162 19 
	}
	inland=yes
	outgoing={
		name="deccan"
		path={
			525 740 2057 
		}
		control={
			4354.000 1559.000 4338.000 1530.000 4337.000 1494.000 4355.000 1448.000 
		}
	}
	outgoing={
		name="lahore"
		path={
			522 2062 4411 
		}
		control={
			4367.000 1605.000 4344.000 1630.000 
		}
	}
	members={
		522 2060 2062 2061 4498 4499 519 520 2064 4500 523 2094 4494 4495 4497 555 2055 2095 4490 524 556 2063 4496 525 528 740 4464 4465 559 2059 4459 4466 4467 2097 2098 4468 4491 4492 554 509 511 2069 4493 
	}
}
lahore={
	location=507
	color={
		63 150 30 
	}
	inland=yes
	outgoing={
		name="samarkand"
		path={
			578 451 450 453 454 
		}
		control={
			4299.000 1696.000 4236.000 1719.000 4217.000 1740.000 4215.000 1763.000 4160.000 1777.000 
		}
	}
	outgoing={
		name="persia"
		path={
			578 451 450 446 2221 2235 2214 
		}
		control={
			4288.000 1678.000 4272.000 1703.000 4236.000 1719.000 4196.000 1714.000 4169.000 1718.000 4087.000 1715.000 4081.000 1736.000 4042.000 1763.000 4007.000 1781.000 3980.000 1777.000 3955.000 1759.000 
		}
	}
	outgoing={
		name="gujarat"
		path={
			506 2072 
		}
		control={
			4307.000 1638.000 4238.000 1603.000 4202.000 1571.000 4212.000 1543.000 
		}
	}
	members={
		1785 1787 2200 508 2073 2074 4449 4521 507 2075 2076 4510 4513 506 2079 2086 4508 4509 2077 2078 4511 510 2065 4411 4463 576 577 2068 448 451 452 578 2226 447 449 2225 450 2227 2228 
	}
}
deccan={
	location=1948
	color={
		241 13 61 
	}
	inland=yes
	outgoing={
		name="gujarat"
		path={
			4433 517 1337 
		}
		control={
			4317.000 1437.000 4306.000 1453.000 4298.000 1506.000 4243.000 1504.000 4215.000 1522.000 
		}
	}
	outgoing={
		name="comorin_cape"
		path={
			541 4422 4414 2026 
		}
		control={
			4357.000 1361.000 4365.000 1326.000 4384.000 1297.000 4381.000 1281.000 4392.000 1271.000 4389.000 1249.000 4384.000 1229.000 
		}
	}
	members={
		526 2056 2057 2093 4461 550 551 2092 4458 4460 532 2033 4428 2028 4438 4444 542 2037 4436 4439 527 4434 4453 569 1948 2035 4435 546 548 2050 4442 4443 1946 2034 4431 544 545 4432 4433 4437 
	}
}
comorin_cape={
	location=1340
	color={
		13 255 179 
	}
	outgoing={
		name="gulf_of_aden"
		path={
			1615 1451 1331 
		}
		control={
			4188.000 1296.000 4076.000 1291.000 3951.000 1318.000 3874.000 1314.000 
		}
	}
	outgoing={
		name="gujarat"
		path={
			1339 2030 
		}
		control={
			4335.000 1263.000 4279.000 1407.000 4279.000 1490.000 
		}
	}
	outgoing={
		name="cape_of_good_hope"
		path={
			1619 1621 1636 1626 1459 
		}
		control={
			4311.000 1136.000 4274.000 954.000 3974.000 680.000 3756.000 603.000 3567.000 472.000 3438.000 422.000 3340.000 427.000 
		}
	}
	members={
		1340 2083 4418 4419 4420 539 540 1947 2027 4417 536 2101 4412 2100 4408 4409 572 2099 4407 574 1101 1248 538 2085 4414 2026 4415 4416 533 2031 4421 4422 4426 541 1949 2090 4423 4424 534 535 537 4410 4413 531 2029 2030 2032 4427 543 549 2084 2080 4425 8581 
	}
}
gujarat={
	location=504
	color={
		135 104 85 
	}
	outgoing={
		name="gulf_of_aden"
		path={
			1336 1333 1332 1331 
		}
		control={
			4102.000 1511.000 4078.000 1457.000 4026.000 1413.000 3979.000 1370.000 3904.000 1336.000 3863.000 1319.000 
		}
	}
	outgoing={
		name="hormuz"
		path={
			1336 1334 
		}
		control={
			4145.000 1530.000 4088.000 1531.000 4023.000 1540.000 
		}
	}
	outgoing={
		name="zanzibar"
		path={
			1336 1452 1451 1453 1447 
		}
		control={
			4139.000 1459.000 4120.000 1304.000 3930.000 1178.000 3854.000 1053.000 
		}
	}
	members={
		518 2058 2087 4501 4462 512 4502 4507 2066 513 514 2067 4506 504 2088 4503 4504 505 2072 4505 529 530 2089 4429 515 521 2052 4454 4455 517 2036 4430 503 2053 4456 4480 516 2051 2054 4512 4457 
	}
}
gulf_of_aden={
	location=1331
	outgoing={
		name="zanzibar"
		path={
			1446 1447 1448 
		}
		control={
			3917.000 1269.000 3872.000 1159.000 3767.000 1059.000 
		}
	}
	outgoing={
		name="alexandria"
		path={
			1330 4333 1329 1328 2315 361 4317 358 
		}
		control={
			3776.000 1304.000 3680.000 1463.000 3647.000 1521.000 3617.000 1573.000 3589.000 1596.000 3574.000 1624.000 3560.000 1630.000 3549.000 1632.000 3545.000 1638.000 3542.000 1645.000 3532.000 1652.000 
		}
	}
	outgoing={
		name="hormuz"
		path={
			1332 1333 1334 
		}
		control={
			3915.000 1347.000 3978.000 1378.000 4071.000 1480.000 4013.000 1537.000 
		}
	}
	members={
		1206 1207 1208 2024 2778 2790 2792 8806 1209 1212 1215 2786 2789 8805 8887 2765 8864 8888 8889 8890 8891 1205 2775 2776 2782 2794 8797 2779 2780 8798 8799 8800 8807 8808 8809 2788 8802 8803 8804 1230 2766 2787 5288 5298 8892 8893 8894 8899 2783 2784 2785 2795 8801 386 391 4282 5235 390 2344 2345 4281 387 388 4279 4280 5239 389 402 1099 2343 4284 5241 401 2342 4283 5243 5244 1232 2324 5271 5282 5283 9015 9086 8796 1331 
	}
}
hormuz={
	location=1334
	outgoing={
		name="basra"
		path={
			1335 
		}
		control={
			3973.000 1554.000 3934.000 1556.000 3882.000 1596.000 3860.000 1627.000 3853.000 1637.000 3847.000 1639.000 3839.000 1645.000 3828.000 1647.000 3823.000 1647.000 3815.000 1651.000 3806.000 1653.000 3803.000 1655.000 3796.000 1656.000 3792.000 1659.000 3789.000 1661.000 3787.000 1664.000 3788.000 1668.000 3785.000 1672.000 3782.000 1680.000 3782.000 1686.000 3780.000 1689.000 
		}
	}
	members={
		400 403 430 431 399 2218 2219 2223 432 2234 434 435 2220 2233 397 398 404 575 2230 2232 2224 2229 1334 2333 2999 2341 4287 5246 4285 4286 5249 5255 4327 4345 4330 4329 5333 5334 2231 2339 4331 4332 392 394 395 396 2335 2336 2337 2338 2347 4274 4275 5250 5251 5256 
	}
}
samarkand={
	location=454
	inland=yes
	outgoing={
		name="persia"
		path={
			442 441 438 437 2214 426 
		}
		control={
			4136.000 1809.000 4085.000 1740.000 4042.000 1763.000 4007.000 1781.000 3980.000 1777.000 3955.000 1759.000 
		}
	}
	outgoing={
		name="astrakhan"
		path={
			442 441 1973 2370 471 465 469 464 
		}
		control={
			4152.000 1836.000 4119.000 1819.000 4092.000 1860.000 4054.000 1880.000 4027.000 1903.000 3987.000 1955.000 3918.000 1984.000 
		}
	}
	members={
		440 441 442 444 445 446 453 454 455 456 457 459 476 477 1967 1969 1970 1973 461 478 2126 2370 2362 2363 2356 2364 2368 2355 2360 2361 2358 2352 2351 2353 2359 458 1968 4344 4343 2125 2127 4210 460 739 2124 4209 2350 4324 4325 4685 
	}
}
persia={
	location=426
	color={
		204 119 31 
	}
	inland=yes
	outgoing={
		name="pontus_trade"
		path={
			417 424 416 2205 419 2204 3250 3248 5152 330 
		}
		control={
			3914.000 1755.000 3897.000 1761.000 3884.000 1772.000 3869.000 1772.000 3860.000 1785.000 3830.000 1786.000 3820.000 1791.000 3813.000 1804.000 3805.000 1806.000 3798.000 1812.000 3793.000 1819.000 3784.000 1827.000 3773.000 1828.000 3761.000 1831.000 3754.000 1843.000 3748.000 1853.000 3740.000 1849.000 3731.000 1853.000 3722.000 1847.000 3713.000 1844.000 3702.000 1845.000 
		}
	}
	outgoing={
		name="basra"
		path={
			412 413 2213 428 426 
		}
		control={
			3921.000 1741.000 3910.000 1731.000 3888.000 1728.000 3870.000 1730.000 3860.000 1718.000 3843.000 1718.000 3821.000 1723.000 3806.000 1721.000 3799.000 1711.000 3793.000 1701.000 
		}
	}
	members={
		413 2209 2210 414 416 417 426 427 428 429 433 436 2206 2207 2211 2212 2213 2214 2215 2216 2221 2222 2235 2236 4171 4300 4339 4338 4337 4335 4326 4336 4334 4341 4304 
	}
}
basra={
	location=410
	color={
		152 151 146 
	}
	outgoing={
		name="aleppo"
		path={
			408 2312 410 2310 2309 407 377 
		}
		control={
			3780.000 1689.000 3771.000 1695.000 3761.000 1697.000 3757.000 1699.000 3754.000 1705.000 3752.000 1705.000 3747.000 1712.000 3744.000 1713.000 3739.000 1716.000 3735.000 1715.000 3730.000 1715.000 3724.000 1715.000 3722.000 1719.000 3718.000 1723.000 3715.000 1727.000 3714.000 1730.000 3709.000 1734.000 3705.000 1737.000 3702.000 1741.000 3695.000 1743.000 3687.000 1745.000 3682.000 1743.000 3673.000 1746.000 3668.000 1749.000 3663.000 1752.000 
		}
	}
	outgoing={
		name="pontus_trade"
		path={
			6134 6132 2310 6128 6126 411 6118 5296 5295 4295 418 4310 6106 331 5151 4315 330 
		}
		control={
			3785.000 1702.000 3785.000 1706.000 3776.000 1710.000 3771.000 1721.000 3769.000 1724.000 3769.000 1728.000 3764.000 1735.000 3765.000 1745.000 3762.000 1753.000 3757.000 1756.000 3756.000 1761.000 3751.000 1762.000 3748.000 1768.000 3744.000 1773.000 3739.000 1774.000 3734.000 1778.000 3726.000 1779.000 3717.000 1781.000 3710.000 1781.000 3702.000 1787.000 3694.000 1796.000 3697.000 1804.000 3715.000 1815.000 3714.000 1823.000 3711.000 1830.000 3698.000 1837.000 
		}
	}
	members={
		406 2310 1335 408 409 410 412 2217 2311 2312 6146 6147 6148 2340 4342 4289 4290 4288 4291 5331 4293 415 411 2309 4294 5295 5296 2314 6099 4295 4179 6114 6118 6119 6120 6121 6123 6124 6125 6126 6127 6129 6130 6131 6132 6133 6135 6136 6138 6139 6140 6141 6142 6143 6144 6145 5560 
	}
}
pontus_trade={
	location=330
	color={
		115 80 150 
	}
	outgoing={
		name="constantinople"
		path={
			1324 1321 1320 
		}
		control={
			3686.000 1853.000 3649.000 1857.000 3619.000 1872.000 3579.000 1870.000 3546.000 1854.000 3519.000 1854.000 
		}
	}
	outgoing={
		name="crimea"
		path={
			1324 1322 
		}
		control={
			3698.000 1857.000 3690.000 1885.000 3661.000 1899.000 3609.000 1901.000 
		}
	}
	members={
		419 422 423 425 462 1856 2196 2204 4303 3250 3251 4301 3253 3256 4305 420 2202 2203 2205 331 2195 2305 2307 3254 1846 4315 5151 330 5206 5152 3248 2300 2304 4302 2306 4296 5332 421 424 4340 4299 4310 6034 6035 6037 6038 6040 329 5158 5330 6104 6106 6107 6109 6110 6112 6113 7284 7285 7286 7287 7288 7289 7290 7291 7292 7293 7294 7295 7296 7297 7298 7299 4156 5121 5551 5552 5553 5554 5555 5556 5557 5558 5559 7280 7281 7282 7283 
	}
}
aleppo={
	location=377
	color={
		202 150 172 
	}
	outgoing={
		name="aegean_trade"
		path={
			2313 1317 1392 5493 
		}
		control={
			3640.000 1753.000 3636.000 1752.000 3631.000 1749.000 3610.000 1747.000 3580.000 1741.000 3546.000 1749.000 3520.000 1745.000 3505.000 1756.000 3490.000 1755.000 3480.000 1760.000 3469.000 1759.000 3456.000 1771.000 3444.000 1770.000 3432.000 1772.000 
		}
	}
	outgoing={
		name="constantinople"
		path={
			4298 332 2301 5150 5165 326 5155 322 5157 316 1320 
		}
		control={
			3646.000 1764.000 3652.000 1773.000 3648.000 1779.000 3646.000 1785.000 3640.000 1790.000 3639.000 1797.000 3634.000 1802.000 3622.000 1801.000 3617.000 1803.000 3604.000 1807.000 3595.000 1812.000 3592.000 1820.000 3581.000 1823.000 3567.000 1821.000 3559.000 1827.000 3547.000 1828.000 3532.000 1829.000 3529.000 1839.000 3521.000 1844.000 3513.000 1841.000 
		}
	}
	outgoing={
		name="alexandria"
		path={
			2313 1317 1316 1315 358 
		}
		control={
			3640.000 1753.000 3636.000 1752.000 3632.000 1748.000 3626.000 1741.000 3620.000 1723.000 3591.000 1676.000 3544.000 1666.000 
		}
	}
	members={
		418 4307 5146 332 2301 6027 6028 6029 6097 321 323 324 377 378 2308 1849 382 327 407 2303 2313 2302 5205 4292 4297 405 4271 5170 4298 5138 5154 5135 5139 5161 5145 5147 2298 5162 6013 6014 6020 6021 6025 6074 6075 6076 6077 6078 6080 6084 6085 6086 6088 6091 6094 6095 6100 6101 5549 5550 
	}
}
astrakhan={
	location=464
	inland=yes
	outgoing={
		name="kazan"
		path={
			466 2418 303 1081 2422 1082 
		}
		control={
			3851.000 1964.000 3845.000 1970.000 3836.000 1976.000 3822.000 1989.000 3817.000 1997.000 3805.000 2004.000 3795.000 2005.000 3788.000 2010.000 3795.000 2016.000 3795.000 2021.000 3801.000 2028.000 3803.000 2036.000 3809.000 2039.000 3811.000 2043.000 3807.000 2049.000 3813.000 2052.000 3812.000 2056.000 3809.000 2062.000 3815.000 2068.000 3821.000 2073.000 3826.000 2072.000 3830.000 2076.000 3838.000 2079.000 3844.000 2079.000 3851.000 2084.000 3849.000 2087.000 3853.000 2093.000 3859.000 2097.000 3857.000 2102.000 3863.000 2104.000 3867.000 2112.000 3864.000 2122.000 3856.000 2128.000 3857.000 2134.000 3864.000 2137.000 3863.000 2145.000 3870.000 2148.000 3867.000 2156.000 
		}
	}
	outgoing={
		name="crimea"
		path={
			2417 3264 468 286 1323 3245 285 2410 1322 
		}
		control={
			3842.000 1957.000 3819.000 1964.000 3790.000 1979.000 3763.000 1971.000 3732.000 1978.000 3696.000 1971.000 3663.000 1963.000 3648.000 1939.000 3643.000 1924.000 3621.000 1921.000 3599.000 1911.000 
		}
	}
	outgoing={
		name="murava"
		path={
			466 3265 467 299 2408 301 3277 295 
		}
		control={
			3843.000 1966.000 3831.000 1974.000 3829.000 1979.000 3821.000 1986.000 3814.000 1993.000 3812.000 1997.000 3804.000 2001.000 3795.000 2002.000 3787.000 2004.000 3777.000 2016.000 3773.000 2019.000 3771.000 2022.000 3767.000 2023.000 3761.000 2020.000 3752.000 2026.000 3743.000 2026.000 3731.000 2026.000 3726.000 2029.000 3721.000 2032.000 3717.000 2034.000 3715.000 2037.000 3707.000 2037.000 3705.000 2040.000 3706.000 2045.000 3703.000 2049.000 3701.000 2055.000 3692.000 2056.000 3693.000 2062.000 3688.000 2069.000 3690.000 2080.000 3686.000 2086.000 3686.000 2091.000 3690.000 2098.000 3690.000 2109.000 3680.000 2115.000 
		}
	}
	members={
		288 439 443 464 465 466 469 470 474 1971 2197 2198 2199 2201 2208 2365 2367 2366 2416 2417 4306 3261 3263 3264 3265 471 472 437 438 2349 463 3262 
	}
}
kazan={
	location=1082
	inland=yes
	outgoing={
		name="moscow_trade"
		path={
			3280 306 1754 307 295 
		}
		control={
			3860.000 2163.000 3855.000 2163.000 3848.000 2166.000 3845.000 2171.000 3837.000 2172.000 3829.000 2171.000 3823.000 2176.000 3812.000 2172.000 3805.000 2171.000 3802.000 2169.000 3798.000 2171.000 3795.000 2169.000 3790.000 2170.000 3787.000 2169.000 3781.000 2172.000 3778.000 2174.000 3773.000 2171.000 3769.000 2172.000 3764.000 2171.000 3760.000 2172.000 3760.000 2166.000 3753.000 2165.000 3743.000 2159.000 3743.000 2154.000 3737.000 2147.000 3737.000 2141.000 3732.000 2140.000 3728.000 2143.000 3724.000 2139.000 3724.000 2134.000 3720.000 2130.000 3715.000 2131.000 3711.000 2131.000 3704.000 2135.000 3701.000 2137.000 3702.000 2140.000 3698.000 2143.000 3695.000 2141.000 3690.000 2146.000 3685.000 2146.000 3682.000 2151.000 3679.000 2153.000 3676.000 2153.000 3672.000 2156.000 3667.000 2157.000 
		}
	}
	outgoing={
		name="murava"
		path={
			2422 4264 306 1754 1778 301 5679 300 
		}
		control={
			3860.000 2163.000 3855.000 2163.000 3848.000 2166.000 3845.000 2171.000 3837.000 2172.000 3829.000 2171.000 3823.000 2176.000 3812.000 2172.000 3805.000 2171.000 3802.000 2169.000 3798.000 2171.000 3795.000 2169.000 3790.000 2170.000 3787.000 2169.000 3781.000 2172.000 3778.000 2174.000 3773.000 2171.000 3769.000 2172.000 3764.000 2171.000 3760.000 2172.000 3760.000 2166.000 3753.000 2165.000 3743.000 2159.000 3743.000 2154.000 3737.000 2147.000 3737.000 2141.000 3732.000 2140.000 3728.000 2143.000 3724.000 2139.000 3724.000 2134.000 3720.000 2130.000 3715.000 2131.000 3711.000 2128.000 3707.000 2127.000 3696.000 2122.000 3678.000 2120.000 
		}
	}
	members={
		303 304 305 473 475 1077 1079 1081 1082 1083 1962 1965 1966 1972 2419 2420 2421 2422 2423 2444 1963 3280 3281 4264 4265 4266 4267 5676 2415 2418 302 5672 1964 
	}
}
zanzibar={
	location=1448
	color={
		162 121 8 
	}
	outgoing={
		name="cape_of_good_hope"
		path={
			1449 1456 1457 1458 1459 1460 
		}
		control={
			3737.000 888.000 3737.000 790.000 3655.000 721.000 3649.000 634.000 3584.000 526.000 3481.000 444.000 3349.000 435.000 
		}
	}
	members={
		1448 788 1100 1102 1103 1183 1186 1192 1193 1194 1195 1196 1197 1198 1199 1200 1201 1202 1203 1204 1792 2796 2774 4020 4021 4022 4023 4024 4025 4026 4027 4028 4029 4030 4031 4032 4049 5382 1182 1800 1181 5371 5372 5373 5374 789 1998 1999 5093 8545 
	}
}
cape_of_good_hope={
	location=1460
	outgoing={
		name="ivory_coast"
		path={
			1461 1462 1463 1464 1465 1466 
		}
		control={
			3295.000 479.000 3284.000 524.000 3244.000 595.000 3236.000 677.000 3184.000 780.000 3206.000 927.000 3131.000 1027.000 3124.000 1110.000 3039.000 1137.000 2976.000 1131.000 
		}
	}
	members={
		1460 833 1176 1177 1178 1179 5340 5341 5342 5343 5344 5345 5346 5348 5349 5350 5351 5352 5353 5354 5355 5356 5357 5361 1173 5428 5358 5359 1180 5370 
	}
}
ivory_coast={
	location=1466
	outgoing={
		name="carribean_trade"
		path={
			1467 1468 1579 1577 1576 1523 1526 1524 1516 
		}
		control={
			2811.000 1097.000 2637.000 1177.000 2373.000 1271.000 2090.000 1336.000 1910.000 1355.000 1817.000 1320.000 
		}
	}
	outgoing={
		name="porto_trade"
		path={
			1467 1468 1469 1470 1471 1472 1292 227 
		}
		control={
			2796.000 1146.000 2665.000 1255.000 2620.000 1398.000 2643.000 1527.000 2706.000 1624.000 2785.000 1696.000 2794.000 1781.000 
		}
	}
	outgoing={
		name="sevilla"
		path={
			1467 1468 1469 1470 1471 1472 1293 224 
		}
		control={
			2796.000 1146.000 2665.000 1255.000 2620.000 1398.000 2643.000 1527.000 2706.000 1624.000 2785.000 1696.000 2877.000 1761.000 
		}
	}
	outgoing={
		name="brazil"
		path={
			1467 1586 1584 1531 
		}
		control={
			2890.000 1070.000 2669.000 1018.000 2531.000 927.000 
		}
	}
	members={
		1096 1164 1165 1166 1167 1169 1170 1171 2239 1112 1113 1114 2241 1466 1097 1118 1119 1126 1139 1141 1147 1151 1163 1172 2242 2258 2290 2294 1901 2949 798 1168 1306 4078 4079 4080 1116 1117 2238 2257 2289 9166 9167 9168 9169 
	}
}
panama={
	location=835
	outgoing={
		name="carribean_trade"
		path={
			1515 1517 1516 
		}
		control={
			1585.000 1282.000 1606.000 1347.000 
		}
	}
	members={
		835 836 837 838 840 2640 2660 2661 2662 2663 2664 2819 4592 4595 4597 6060 6700 6701 6710 6720 7678 7679 7680 7681 7682 7683 7684 7685 7686 7687 7688 7689 7690 7691 7692 7693 7694 7695 7696 7698 7699 2002 6788 6789 
	}
}
brazil={
	location=1531
	outgoing={
		name="porto_trade"
		path={
			1584 1579 1469 1470 1471 1566 1292 227 
		}
		control={
			2488.000 1029.000 2489.000 1195.000 2546.000 1298.000 2568.000 1349.000 2573.000 1403.000 2613.000 1464.000 2624.000 1555.000 2689.000 1636.000 2696.000 1677.000 2710.000 1689.000 2713.000 1726.000 2738.000 1760.000 2769.000 1774.000 2792.000 1779.000 2805.000 1790.000 2824.000 1797.000 
		}
	}
	members={
		1531 750 751 752 753 754 755 756 757 758 759 760 761 762 763 764 765 766 768 769 2885 2886 2888 2891 2892 2893 2894 2895 2896 2897 2898 2899 2905 2906 2907 2908 2912 2913 2914 2915 2916 2917 2918 2919 2920 2921 2922 2881 2903 2904 2925 
	}
}
florida_straights_trade={
	location=1505
	outgoing={
		name="chesapeake_bay"
		path={
			1524 1503 1502 1501 1500 
		}
		control={
			1580.000 1522.000 1597.000 1543.000 1590.000 1562.000 1576.000 1591.000 1563.000 1636.000 1589.000 1653.000 1643.000 1698.000 1652.000 1723.000 1656.000 1730.000 1654.000 1759.000 1644.000 1766.000 
		}
	}
	outgoing={
		name="irish_sea"
		path={
			1524 1574 1572 1582 1568 1567 1563 1290 1277 1276 174 
		}
		control={
			1580.000 1522.000 1634.000 1488.000 1695.000 1479.000 1742.000 1496.000 1880.000 1506.000 1974.000 1556.000 2151.000 1628.000 2254.000 1713.000 2395.000 1734.000 2449.000 1780.000 2477.000 1794.000 2492.000 1791.000 2509.000 1794.000 2523.000 1805.000 2538.000 1813.000 2553.000 1822.000 2589.000 1872.000 2647.000 1954.000 2745.000 1973.000 2787.000 2026.000 2812.000 2054.000 2852.000 2064.000 2888.000 2080.000 
		}
	}
	outgoing={
		name="rouen_trade"
		path={
			1524 1574 1572 1582 1568 1567 1566 1292 1293 224 
		}
		control={
			1580.000 1522.000 1634.000 1487.000 1695.000 1479.000 1742.000 1496.000 1880.000 1506.000 1974.000 1556.000 2151.000 1628.000 2254.000 1713.000 2395.000 1734.000 2449.000 1780.000 2477.000 1794.000 2492.000 1791.000 2509.000 1794.000 2523.000 1805.000 2538.000 1813.000 2562.000 1823.000 2645.000 1876.000 2805.000 1899.000 2939.000 1973.000 2956.000 1976.000 2963.000 1980.000 2967.000 1991.000 2977.000 1997.000 2986.000 1999.000 2989.000 2013.000 2998.000 2019.000 3006.000 2019.000 
		}
	}
	outgoing={
		name="carribean_trade"
		path={
			1524 1574 1572 1582 1568 1567 1563 1289 1274 272 1271 1269 
		}
		control={
			1580.000 1522.000 1634.000 1487.000 1689.000 1451.000 1679.000 1438.000 1669.000 1421.000 1657.000 1404.000 1674.000 1385.000 1746.000 1385.000 
		}
	}
	members={
		482 483 484 485 486 487 926 927 928 1505 2534 2535 2536 2539 2654 2655 2656 4622 4623 4624 4625 4626 5572 5574 5575 5576 5577 6051 6052 6053 6054 6055 6056 6057 6061 7357 7390 7392 7393 7394 7395 7396 7397 7398 7399 7400 7532 7533 7534 7544 7545 7546 7547 7548 7549 7550 7551 
	}
}
carribean_trade={
	location=1521
	outgoing={
		name="bordeaux"
		path={
			1524 1574 1572 1582 1568 1567 1563 1290 1277 1276 174 
		}
		control={
			1802.000 1366.000 1859.000 1385.000 1862.000 1418.000 1974.000 1556.000 2151.000 1628.000 2254.000 1713.000 2395.000 1734.000 2449.000 1780.000 2477.000 1794.000 2492.000 1791.000 2509.000 1794.000 2523.000 1805.000 2538.000 1813.000 2562.000 1823.000 2645.000 1876.000 2805.000 1899.000 2877.000 1932.000 2943.000 1931.000 
		}
	}
	outgoing={
		name="sevilla"
		path={
			1524 1574 1572 1582 1568 1567 1566 1292 1293 224 
		}
		control={
			1802.000 1366.000 1859.000 1385.000 1862.000 1418.000 1974.000 1556.000 2151.000 1628.000 2254.000 1713.000 2395.000 1734.000 2449.000 1780.000 2477.000 1794.000 2492.000 1791.000 2509.000 1794.000 2535.000 1785.000 2555.000 1786.000 2579.000 1778.000 2615.000 1779.000 2709.000 1799.000 2777.000 1768.000 2851.000 1748.000 
		}
	}
	outgoing={
		name="english_channel"
		path={
			1524 1574 1572 1582 1568 1567 1566 1292 1293 224 
		}
		control={
			1802.000 1366.000 1859.000 1385.000 1862.000 1418.000 1974.000 1556.000 2151.000 1628.000 2254.000 1713.000 2395.000 1734.000 2449.000 1780.000 2477.000 1794.000 2492.000 1791.000 2509.000 1794.000 2535.000 1785.000 2555.000 1786.000 2579.000 1778.000 2615.000 1779.000 2709.000 1799.000 2792.000 1834.000 2823.000 1891.000 2877.000 1932.000 2893.000 1989.000 2909.000 2013.000 2968.000 2043.000 3012.000 2047.000 3024.000 2064.000 
		}
	}
	members={
		1523 481 488 489 490 491 492 493 494 495 496 497 498 499 500 501 502 1521 1881 2658 2659 4618 4619 4620 4621 5563 5565 5567 5578 5579 5581 5582 5583 5584 5585 5586 6046 6047 6048 6049 6050 6058 6059 7529 7530 7531 7535 7536 7537 7538 7539 7540 7541 7542 7543 7552 
	}
}
chesapeake_bay={
	location=950
	color={
		193 26 14 
	}
	outgoing={
		name="massachusets_bay_trade"
		path={
			1499 1492 2570 4896 2572 5475 1490 
		}
		control={
			1634.000 1768.000 1639.000 1765.000 1647.000 1765.000 1656.000 1780.000 1664.000 1793.000 1673.000 1809.000 1682.000 1822.000 1684.000 1832.000 1679.000 1836.000 1679.000 1839.000 1689.000 1846.000 1703.000 1849.000 1717.000 1851.000 1727.000 1853.000 1736.000 1854.000 1745.000 1859.000 1753.000 1861.000 1751.000 1871.000 1742.000 1872.000 1736.000 1874.000 
		}
	}
	outgoing={
		name="english_channel"
		path={
			1570 1573 1569 1565 1564 1563 1289 1274 1272 1271 1269 
		}
		control={
			1835.000 1679.000 2047.000 1778.000 2212.000 1802.000 2365.000 1931.000 2564.000 1949.000 2661.000 1990.000 2762.000 1997.000 2861.000 2028.000 2918.000 2032.000 2943.000 2044.000 2968.000 2043.000 2988.000 2048.000 2999.000 2047.000 3013.000 2053.000 3024.000 2064.000 
		}
	}
	members={
		2556 2557 4875 4876 7324 7326 7332 938 950 952 2547 2550 7334 7335 7339 7347 7329 7333 2554 7318 957 953 955 2553 7322 7323 7330 7331 949 2011 2552 7337 7344 7336 7343 937 2549 4877 4878 7338 7350 7351 929 932 2542 2543 2546 7348 7349 7353 7359 933 2541 2544 2545 7354 7355 7356 936 4879 4882 7352 7362 930 2537 2538 2540 4880 4881 7358 7360 7361 931 935 2527 2548 7367 7373 
	}
}
adrar_trade={
	location=9163
	color={
		0 100 100 
	}
	inland=yes
	outgoing={
		name="safi"
		path={
			9164 9165 9173 9176 5223 9183 2464 9184 344 348 
		}
		control={
			2784.000 1465.000 2773.000 1485.000 2787.000 1526.000 2826.000 1561.000 2873.000 1595.000 2868.000 1630.000 2871.000 1637.000 2869.000 1648.000 2864.000 1652.000 2862.000 1663.000 2852.000 1663.000 2835.000 1665.000 
		}
	}
	members={
		1115 1128 1129 1793 2237 2240 2243 2244 2245 2246 2247 5223 8998 9156 9157 9158 9159 9160 9161 9162 9163 9164 9165 9173 9175 9176 9177 9178 9188 
	}
}
massachusets_bay_trade={
	location=968
	color={
		26 196 140 
	}
	outgoing={
		name="st_lawrence"
		path={
			1499 1492 2570 4896 2572 5475 1490 
		}
		control={
			1736.000 1874.000 1742.000 1872.000 1751.000 1871.000 1776.000 1903.000 1802.000 1914.000 1817.000 1897.000 1834.000 1894.000 1870.000 1915.000 1912.000 1932.000 1914.000 1937.000 1906.000 1938.000 1904.000 1943.000 1895.000 1951.000 1895.000 1963.000 1863.000 1966.000 1855.000 1981.000 1857.000 2003.000 1849.000 2023.000 
		}
	}
	outgoing={
		name="rouen_trade"
		path={
			1570 1573 1569 1565 1564 1563 1289 1274 1272 1271 1269 
		}
		control={
			1736.000 1874.000 1742.000 1872.000 1751.000 1871.000 1877.000 1856.000 2047.000 1778.000 2212.000 1802.000 2365.000 1931.000 2564.000 1949.000 2661.000 1990.000 2762.000 1997.000 2861.000 2028.000 2918.000 2032.000 2943.000 2044.000 2968.000 2043.000 2988.000 2048.000 2999.000 2047.000 3012.000 2047.000 3009.000 2032.000 
		}
	}
	members={
		7300 7301 965 963 2558 7309 969 2563 2559 2564 4871 4873 7307 7317 968 970 2013 2561 7305 7306 7316 966 967 2010 2560 2562 4874 7302 7303 7304 7308 956 962 2023 2639 7319 7320 7321 961 964 4912 7310 7311 971 2565 2566 5052 982 983 984 2568 2569 4891 5048 5051 6454 6456 985 2567 2570 2571 2572 4896 5049 5050 7464 7345 
	}
}
st_lawrence={
	location=1490
	color={
		0 30 120 
	}
	outgoing={
		name="irish_sea"
		path={
			1491 1495 1565 1564 1563 1288 1285 1284 
		}
		control={
			1849.000 2023.000 1881.000 2011.000 1919.000 1999.000 1939.000 1979.000 1988.000 1978.000 2002.000 1964.000 2026.000 1966.000 2051.000 1960.000 2092.000 1982.000 2192.000 1980.000 2332.000 2018.000 2520.000 1986.000 2629.000 2016.000 2689.000 2007.000 2712.000 2002.000 2724.000 2003.000 2736.000 2005.000 2751.000 2010.000 2787.000 2026.000 2812.000 2054.000 2852.000 2064.000 2888.000 2080.000 
		}
	}
	outgoing={
		name="north_sea"
		path={
			1491 1495 1565 1564 1563 1288 1285 1284 
		}
		control={
			1849.000 2023.000 1881.000 2011.000 1919.000 1999.000 1939.000 1979.000 1988.000 1978.000 2002.000 1964.000 2026.000 1966.000 2051.000 1960.000 2092.000 1982.000 2192.000 1980.000 2332.000 2018.000 2520.000 1986.000 2629.000 2016.000 2689.000 2007.000 2712.000 2002.000 2724.000 2003.000 2736.000 2005.000 2764.000 2026.000 2797.000 2072.000 2805.000 2097.000 2801.000 2131.000 2834.000 2174.000 2856.000 2218.000 2897.000 2244.000 2937.000 2269.000 2992.000 2279.000 
		}
	}
	outgoing={
		name="rouen_trade"
		path={
			1491 1495 1565 1564 1563 1289 1274 170 7999 169 7995 7987 7986 7984 168 7972 167 
		}
		control={
			1849.000 2023.000 1881.000 2011.000 1919.000 1999.000 1939.000 1979.000 1988.000 1978.000 2002.000 1964.000 2026.000 1966.000 2051.000 1960.000 2092.000 1982.000 2192.000 1980.000 2332.000 2018.000 2520.000 1986.000 2629.000 2016.000 2689.000 2007.000 2712.000 2002.000 2724.000 2003.000 2736.000 2005.000 2752.000 2004.000 2787.000 1995.000 2839.000 1984.000 2893.000 1989.000 2939.000 1973.000 2956.000 1976.000 2963.000 1980.000 2967.000 1991.000 2977.000 1997.000 2986.000 1999.000 2989.000 2013.000 2998.000 2019.000 3006.000 2019.000 
		}
	}
	members={
		980 981 2573 4974 5013 5019 5058 5059 6458 6457 997 2574 2575 5014 5015 5012 996 2576 2577 2578 5011 5055 6451 995 6470 986 2582 5054 6452 5053 6455 994 2583 2584 6443 6444 6448 6449 6450 2012 5060 6445 6446 6447 990 993 2579 2580 5010 4895 5009 5008 5057 991 992 2581 2585 2588 2590 4894 4897 6442 6459 1490 
	}
}
tuat_trade={
	location=1127
	color={
		200 200 100 
	}
	inland=yes
	outgoing={
		name="safi"
		path={
			9140 9139 9138 9137 346 9182 2464 9184 344 348 
		}
		control={
			2984.000 1599.000 2972.000 1614.000 2955.000 1630.000 2945.000 1648.000 2918.000 1645.000 2897.000 1652.000 2877.000 1648.000 2869.000 1648.000 2864.000 1652.000 2862.000 1663.000 2852.000 1663.000 2835.000 1665.000 2835.000 1677.000 
		}
	}
	outgoing={
		name="tunis"
		path={
			9140 9141 9142 9143 2472 2456 9125 351 5325 5326 5320 9122 5315 5314 
		}
		control={
			2984.000 1599.000 2995.000 1611.000 3015.000 1616.000 3045.000 1636.000 3082.000 1654.000 3096.000 1681.000 3087.000 1713.000 3097.000 1726.000 3093.000 1737.000 3104.000 1743.000 3118.000 1739.000 3126.000 1745.000 3130.000 1748.000 3137.000 1746.000 3145.000 1746.000 3151.000 1754.000 3157.000 1760.000 3165.000 1759.000 3171.000 1763.000 3176.000 1768.000 
		}
	}
	members={
		350 1127 1130 1156 1794 2271 2272 2273 2274 2275 2276 2277 2456 2457 2472 5221 5222 5307 8979 8986 8987 8989 8991 8993 8994 8995 8996 8997 9068 9069 9070 9071 9072 9073 9075 9074 9126 9135 9137 9138 9139 9140 9141 9142 9143 9144 9145 9146 9147 9148 9149 9150 9151 9152 9153 9154 9155 
	}
}
alexandria={
	location=358
	color={
		200 200 102 
	}
	outgoing={
		name="aegean_trade"
		path={
			1315 1932 5493 
		}
		control={
			3512.000 1685.000 3481.000 1705.000 3464.000 1736.000 3428.000 1748.000 
		}
	}
	outgoing={
		name="tripoli_trade"
		path={
			1315 1314 1313 1305 354 
		}
		control={
			3514.000 1652.000 3490.000 1659.000 3481.000 1659.000 3457.000 1666.000 3447.000 1664.000 3437.000 1672.000 3413.000 1677.000 3407.000 1684.000 3390.000 1690.000 3361.000 1684.000 3344.000 1668.000 3347.000 1649.000 3335.000 1641.000 3313.000 1652.000 3277.000 1661.000 3272.000 1674.000 3254.000 1682.000 3235.000 1690.000 
		}
	}
	members={
		358 359 360 361 362 363 364 365 379 380 381 383 384 385 393 1231 1233 1854 1855 2315 2316 2317 2318 2319 2320 2321 2325 2326 2327 2328 2329 2330 2331 2332 2346 4268 4269 4270 4272 4273 4276 4277 4278 4316 4317 4318 4319 4320 4321 4323 5180 5181 5203 5231 5232 5233 5261 5264 5267 5272 6071 6081 6098 8973 8974 8975 8976 9076 9077 9078 9079 9080 9081 9082 9083 9084 9085 9087 9090 9091 9092 9093 9094 5273 
	}
}
tripoli_trade={
	location=354
	color={
		200 90 80 
	}
	outgoing={
		name="tunis"
		path={
			2452 9113 353 5312 2453 5225 9118 2473 5224 
		}
		control={
			3218.000 1689.000 3202.000 1696.000 3193.000 1707.000 3192.000 1713.000 3199.000 1720.000 3202.000 1724.000 3197.000 1730.000 3196.000 1740.000 3196.000 1746.000 3189.000 1748.000 3196.000 1765.000 3190.000 1774.000 
		}
	}
	members={
		353 354 355 356 357 2448 2449 2451 2452 2474 2954 4567 5274 5303 5304 5306 5309 5310 5311 8977 9095 9096 9097 9098 9103 9104 9105 9106 9107 9108 9109 9111 9112 9113 9114 9115 8985 8988 8992 
	}
}
tunis={
	location=341
	color={
		146 134 57 
	}
	outgoing={
		name="valencia"
		path={
			2455 1882 339 1301 1295 
		}
		control={
			3184.000 1776.000 3160.000 1801.000 3119.000 1793.000 3067.000 1797.000 3022.000 1796.000 
		}
	}
	outgoing={
		name="napoli"
		path={
			1302 1304 121 
		}
		control={
			3190.000 1774.000 3204.000 1802.000 3235.000 1818.000 
		}
	}
	outgoing={
		name="safi"
		path={
			1302 1301 1294 337 336 4562 2465 5213 343 2467 5211 344 345 
		}
		control={
			3179.000 1772.000 3159.000 1774.000 3142.000 1769.000 3120.000 1771.000 3092.000 1765.000 3069.000 1768.000 3043.000 1764.000 3015.000 1759.000 2995.000 1748.000 2978.000 1741.000 2956.000 1728.000 2948.000 1726.000 2942.000 1718.000 2936.000 1712.000 2922.000 1713.000 2909.000 1713.000 2896.000 1709.000 2890.000 1699.000 2886.000 1687.000 2880.000 1680.000 2870.000 1677.000 2862.000 1671.000 2854.000 1668.000 2845.000 1674.000 
		}
	}
	members={
		336 337 338 339 340 341 351 352 1882 2450 2453 2454 2455 2458 2459 2461 2462 2463 2465 2473 4562 4566 5224 5225 5312 5313 5314 5315 5316 5317 5318 5319 5320 5321 5322 5323 5324 5325 5326 5327 5328 5329 9116 9117 9118 9119 9120 9121 9122 9123 9124 9125 9127 9128 9129 9130 9131 9132 9133 9134 9136 
	}
}
safi={
	location=345
	color={
		191 110 62 
	}
	outgoing={
		name="sevilla"
		path={
			348 2469 342 5219 334 1293 224 
		}
		control={
			2835.000 1677.000 2834.000 1686.000 2845.000 1696.000 2865.000 1706.000 2873.000 1714.000 2879.000 1726.000 2882.000 1735.000 2885.000 1741.000 2886.000 1745.000 2877.000 1755.000 
		}
	}
	outgoing={
		name="porto_trade"
		path={
			1472 1292 227 
		}
		control={
			2818.000 1691.000 2823.000 1731.000 2819.000 1772.000 2819.000 1786.000 2820.000 1790.000 2828.000 1795.000 
		}
	}
	members={
		334 335 349 342 343 344 345 346 347 348 366 367 368 1110 1111 1751 2460 2464 2466 2467 2468 2469 2470 4561 4563 4564 4565 4568 5096 5210 5211 5212 5213 5218 5219 5220 5226 5228 5229 9006 9170 9171 9172 9174 9179 9180 9181 9182 9183 9184 9185 9186 9187 9189 9190 9191 9192 9193 9194 9195 9196 9197 9198 9199 4167 4168 4569 8999 
	}
}
white_sea={
	location=1652
	color={
		210 230 250 
	}
	outgoing={
		name="moscow_trade"
		path={
			313 1955 4122 4256 1755 4262 314 1753 1956 4253 3276 295 
		}
		control={
			3698.000 2394.000 3702.000 2381.000 3710.000 2374.000 3713.000 2373.000 3717.000 2371.000 3724.000 2366.000 3731.000 2365.000 3737.000 2362.000 3737.000 2359.000 3735.000 2355.000 3731.000 2351.000 3734.000 2348.000 3738.000 2347.000 3739.000 2344.000 3742.000 2340.000 3742.000 2336.000 3746.000 2334.000 3751.000 2332.000 3754.000 2329.000 3764.000 2324.000 3771.000 2321.000 3776.000 2318.000 3779.000 2318.000 3786.000 2315.000 3789.000 2316.000 3795.000 2312.000 3797.000 2307.000 3801.000 2303.000 3812.000 2297.000 3815.000 2296.000 3820.000 2293.000 3823.000 2290.000 3822.000 2287.000 3821.000 2282.000 3819.000 2278.000 3815.000 2278.000 3812.000 2276.000 3807.000 2277.000 3805.000 2274.000 3801.000 2274.000 3797.000 2273.000 3794.000 2273.000 3788.000 2271.000 3785.000 2271.000 3779.000 2269.000 3776.000 2265.000 3770.000 2264.000 3767.000 2262.000 3759.000 2261.000 3754.000 2257.000 3752.000 2255.000 3748.000 2253.000 3746.000 2252.000 3743.000 2252.000 3738.000 2248.000 3737.000 2244.000 3734.000 2237.000 3730.000 2234.000 3731.000 2229.000 3731.000 2226.000 3727.000 2221.000 3723.000 2220.000 3720.000 2215.000 3718.000 2210.000 3726.000 2202.000 3726.000 2188.000 3717.000 2180.000 3715.000 2171.000 3709.000 2168.000 3702.000 2163.000 3697.000 2165.000 3693.000 2164.000 3686.000 2162.000 3679.000 2164.000 3673.000 2164.000 3665.000 2168.000 
		}
	}
	outgoing={
		name="novgorod"
		path={
			313 1955 4122 4256 1755 4262 314 5655 4261 2749 5653 310 33 
		}
		control={
			3698.000 2394.000 3702.000 2381.000 3710.000 2374.000 3713.000 2373.000 3717.000 2371.000 3724.000 2366.000 3731.000 2365.000 3737.000 2362.000 3737.000 2359.000 3735.000 2355.000 3731.000 2351.000 3734.000 2348.000 3738.000 2347.000 3739.000 2344.000 3742.000 2340.000 3742.000 2336.000 3746.000 2334.000 3751.000 2332.000 3754.000 2329.000 3764.000 2324.000 3771.000 2321.000 3776.000 2318.000 3779.000 2318.000 3786.000 2315.000 3789.000 2316.000 3795.000 2312.000 3797.000 2307.000 3801.000 2303.000 3812.000 2297.000 3815.000 2296.000 3820.000 2293.000 3823.000 2290.000 3822.000 2287.000 3821.000 2282.000 3819.000 2278.000 3815.000 2278.000 3812.000 2276.000 3807.000 2277.000 3805.000 2274.000 3801.000 2274.000 3797.000 2273.000 3794.000 2273.000 3788.000 2271.000 3785.000 2271.000 3779.000 2269.000 3776.000 2265.000 3770.000 2264.000 3767.000 2262.000 3759.000 2261.000 3754.000 2257.000 3752.000 2255.000 3748.000 2253.000 3746.000 2252.000 3743.000 2252.000 3738.000 2248.000 3734.000 2247.000 3729.000 2245.000 3727.000 2246.000 3724.000 2245.000 3720.000 2246.000 3715.000 2243.000 3711.000 2244.000 3706.000 2244.000 3702.000 2243.000 3692.000 2246.000 3682.000 2243.000 3676.000 2239.000 3671.000 2240.000 3663.000 2235.000 3654.000 2235.000 3647.000 2235.000 3639.000 2240.000 3632.000 2238.000 3626.000 2239.000 3618.000 2244.000 3605.000 2246.000 3590.000 2247.000 3586.000 2251.000 3580.000 2254.000 3579.000 2257.000 3573.000 2262.000 3572.000 2268.000 3557.000 2269.000 3548.000 2261.000 3542.000 2255.000 
		}
	}
	outgoing={
		name="north_sea"
		path={
			5484 1263 1264 1265 1929 1266 1975 
		}
		control={
			3734.000 2434.000 3710.000 2464.000 3670.000 2479.000 3635.000 2495.000 3599.000 2497.000 3580.000 2509.000 3557.000 2514.000 3549.000 2523.000 3529.000 2534.000 3507.000 2538.000 3488.000 2544.000 3469.000 2539.000 3453.000 2536.000 3442.000 2537.000 3431.000 2538.000 3424.000 2535.000 3417.000 2534.000 3407.000 2527.000 3393.000 2522.000 3378.000 2524.000 3360.000 2519.000 3351.000 2511.000 3346.000 2507.000 3335.000 2504.000 3329.000 2499.000 3318.000 2497.000 3313.000 2493.000 3312.000 2489.000 3303.000 2487.000 3296.000 2481.000 3290.000 2477.000 3285.000 2469.000 3263.000 2463.000 3249.000 2441.000 3234.000 2434.000 3227.000 2418.000 3219.000 2409.000 3204.000 2399.000 3197.000 2384.000 3192.000 2376.000 3179.000 2371.000 3167.000 2357.000 3154.000 2349.000 3135.000 2346.000 3121.000 2335.000 3101.000 2327.000 3084.000 2312.000 3077.000 2286.000 3081.000 2268.000 3086.000 2251.000 3077.000 2230.000 3049.000 2205.000 
		}
	}
	members={
		313 1776 1777 1955 1958 2425 3282 3284 3285 4122 4257 4258 5648 5649 5650 5673 5674 5675 5677 5678 1072 7865 7866 4129 4256 4259 5647 5652 309 1652 
	}
}
murava={
	location=300
	color={
		215 127 40 
	}
	inland=yes
	outgoing={
		name="moscow_trade"
		path={
			5682 3277 295 
		}
		control={
			3667.000 2118.000 3656.000 2124.000 3653.000 2130.000 3655.000 2135.000 3657.000 2140.000 3662.000 2141.000 3664.000 2149.000 
		}
	}
	outgoing={
		name="kiev"
		path={
			296 3301 297 1945 289 280 
		}
		control={
			3667.000 2118.000 3656.000 2124.000 3652.000 2130.000 3648.000 2130.000 3644.000 2131.000 3639.000 2132.000 3636.000 2131.000 3624.000 2124.000 3610.000 2127.000 3607.000 2112.000 3605.000 2109.000 3605.000 2104.000 3598.000 2096.000 3598.000 2091.000 3590.000 2087.000 3587.000 2078.000 3582.000 2073.000 3584.000 2070.000 3574.000 2066.000 3562.000 2064.000 3555.000 2066.000 3545.000 2060.000 
		}
	}
	outgoing={
		name="crimea"
		path={
			3277 300 2408 299 3266 2409 2413 286 1323 3245 285 2410 1322 
		}
		control={
			3673.000 2096.000 3665.000 2084.000 3663.000 2069.000 3651.000 2060.000 3646.000 2048.000 3649.000 2034.000 3645.000 2024.000 3661.000 2012.000 3669.000 2007.000 3684.000 2005.000 3712.000 1994.000 3709.000 1978.000 3673.000 1970.000 3654.000 1961.000 3639.000 1936.000 3627.000 1931.000 3618.000 1926.000 3607.000 1923.000 3601.000 1918.000 
		}
	}
	members={
		291 298 299 300 467 2408 2409 3247 3266 3267 3268 3291 4116 4255 5663 5664 5680 5666 5667 5668 5671 5679 5670 7205 7258 4543 296 5662 5681 7882 297 1945 4244 3246 3270 7249 7252 
	}
}
moscow_trade={
	location=295
	color={
		210 46 28 
	}
	inland=yes
	outgoing={
		name="novgorod"
		path={
			5651 3290 1752 3273 310 34 33 
		}
		control={
			3647.000 2160.000 3635.000 2156.000 3627.000 2160.000 3609.000 2172.000 3597.000 2177.000 3599.000 2180.000 3588.000 2187.000 3578.000 2189.000 3571.000 2203.000 3553.000 2221.000 3561.000 2237.000 3562.000 2245.000 3570.000 2254.000 3569.000 2265.000 3562.000 2268.000 3557.000 2265.000 3554.000 2262.000 3548.000 2259.000 3542.000 2254.000 
		}
	}
	outgoing={
		name="kiev"
		path={
			3277 5682 296 5681 5662 297 1945 289 280 
		}
		control={
			3647.000 2160.000 3635.000 2156.000 3627.000 2160.000 3613.000 2153.000 3605.000 2146.000 3597.000 2147.000 3590.000 2149.000 3588.000 2144.000 3580.000 2144.000 3576.000 2140.000 3572.000 2137.000 3565.000 2139.000 3560.000 2139.000 3556.000 2137.000 3548.000 2137.000 3544.000 2136.000 3535.000 2130.000 3536.000 2123.000 3532.000 2112.000 3535.000 2106.000 3529.000 2099.000 3534.000 2090.000 3535.000 2086.000 3543.000 2078.000 3538.000 2070.000 3539.000 2062.000 3537.000 2056.000 
		}
	}
	members={
		294 295 306 307 308 312 1753 1754 1956 1752 3271 3301 4117 3276 3277 3278 3279 3290 4147 4245 4248 4249 4250 4251 4252 4253 4254 5657 5659 5658 5651 5665 5683 5656 301 7878 5682 5669 5685 4148 4243 5661 7880 7881 314 1755 1778 1957 4262 4263 5655 293 5684 
	}
}
crimea={
	location=1322
	color={
		59 158 125 
	}
	outgoing={
		name="kiev"
		path={
			2406 3242 1944 280 
		}
		control={
			3580.000 1927.000 3554.000 1940.000 3555.000 1960.000 3570.000 1960.000 3581.000 1964.000 3594.000 1968.000 3599.000 1977.000 3610.000 1981.000 3621.000 1982.000 3620.000 1990.000 3618.000 2002.000 3581.000 2015.000 3555.000 2028.000 3539.000 2043.000 
		}
	}
	outgoing={
		name="pest"
		path={
			3163 2998 3160 3161 160 2746 4239 
		}
		control={
			3549.000 1923.000 3528.000 1936.000 3515.000 1937.000 3504.000 1935.000 3494.000 1936.000 3490.000 1923.000 3492.000 1916.000 3485.000 1912.000 3473.000 1911.000 3460.000 1907.000 3444.000 1899.000 3431.000 1903.000 3424.000 1901.000 3413.000 1905.000 3404.000 1903.000 3403.000 1906.000 3406.000 1907.000 3405.000 1911.000 3401.000 1911.000 3396.000 1915.000 3399.000 1920.000 3395.000 1922.000 3388.000 1919.000 3371.000 1920.000 
		}
	}
	outgoing={
		name="constantinople"
		path={
			1321 1320 
		}
		control={
			3536.000 1886.000 
		}
	}
	members={
		1323 282 283 284 285 286 287 468 1322 1974 2406 2410 2411 2412 2413 2414 2447 3243 3244 3245 3302 7190 7191 7192 7193 7194 7195 7196 7197 7198 7199 7200 7201 7202 7203 7204 7251 7279 7257 2405 3159 1756 7277 7278 268 3157 4529 4530 7276 8180 8219 8220 
	}
}
kiev={
	location=280
	inland=yes
	outgoing={
		name="novgorod"
		path={
			4115 292 771 275 1960 274 310 34 33 
		}
		control={
			3539.000 2062.000 3538.000 2070.000 3543.000 2078.000 3535.000 2086.000 3534.000 2090.000 3529.000 2099.000 3535.000 2106.000 3532.000 2112.000 3536.000 2123.000 3535.000 2130.000 3544.000 2136.000 3532.000 2152.000 3519.000 2177.000 3509.000 2177.000 3504.000 2181.000 3507.000 2191.000 3502.000 2195.000 3495.000 2202.000 3498.000 2209.000 3492.000 2212.000 3485.000 2219.000 3484.000 2230.000 3488.000 2237.000 3490.000 2241.000 3494.000 2244.000 3489.000 2252.000 3498.000 2257.000 3514.000 2261.000 3524.000 2260.000 
		}
	}
	outgoing={
		name="krakow"
		path={
			4247 2962 279 4538 260 259 262 
		}
		control={
			3523.000 2055.000 3506.000 2044.000 3486.000 2047.000 3467.000 2038.000 3452.000 2027.000 3437.000 2032.000 3428.000 2036.000 3428.000 2039.000 3426.000 2041.000 3426.000 2046.000 3421.000 2051.000 3423.000 2054.000 3419.000 2056.000 3417.000 2061.000 3414.000 2065.000 3406.000 2063.000 3394.000 2061.000 3384.000 2062.000 3382.000 2057.000 3382.000 2053.000 3381.000 2048.000 3379.000 2046.000 3373.000 2041.000 3368.000 2040.000 3364.000 2038.000 3360.000 2037.000 3356.000 2036.000 
		}
	}
	outgoing={
		name="danzig_trade"
		path={
			1941 278 4537 770 3293 37 38 1256 1926 1927 43 
		}
		control={
			3537.000 2056.000 3539.000 2062.000 3538.000 2070.000 3543.000 2078.000 3535.000 2086.000 3534.000 2090.000 3527.000 2091.000 3518.000 2096.000 3514.000 2104.000 3510.000 2112.000 3510.000 2120.000 3504.000 2126.000 3498.000 2130.000 3501.000 2132.000 3497.000 2138.000 3496.000 2141.000 3496.000 2157.000 3493.000 2159.000 3489.000 2163.000 3485.000 2162.000 3478.000 2164.000 3471.000 2165.000 3465.000 2165.000 3459.000 2177.000 3454.000 2179.000 3452.000 2182.000 3448.000 2180.000 3436.000 2182.000 3426.000 2187.000 3419.000 2195.000 3396.000 2210.000 3380.000 2204.000 3362.000 2184.000 3366.000 2154.000 3347.000 2144.000 3340.000 2134.000 
		}
	}
	members={
		261 270 272 275 276 277 278 279 280 281 289 290 292 770 771 1937 1941 1942 1943 1944 2407 2962 4536 4537 4545 4115 3238 3239 3241 3242 4242 4247 4246 4539 4540 4542 4544 7206 7207 7208 7209 7214 7215 7217 7218 7219 7220 7221 7222 7223 7224 7225 7226 7227 7228 7229 7230 7231 7232 7233 7234 7235 7236 7237 7238 7239 7240 7241 7242 7243 7244 7245 7246 7248 7250 7253 7254 7255 7256 7259 7268 7269 7271 7272 7273 7858 5660 269 1940 4538 7262 7263 2961 4541 7270 2424 7266 7267 3156 7274 7275 
	}
}
novgorod={
	location=33
	color={
		97 126 37 
	}
	outgoing={
		name="baltic_sea"
		path={
			1254 1926 1 
		}
		control={
			3523.000 2264.000 3515.000 2263.000 3507.000 2265.000 3502.000 2265.000 3496.000 2268.000 3488.000 2271.000 3477.000 2271.000 3463.000 2266.000 3435.000 2260.000 3424.000 2260.000 3409.000 2255.000 3379.000 2249.000 3354.000 2232.000 
		}
	}
	outgoing={
		name="danzig_trade"
		path={
			1254 1926 1927 43 
		}
		control={
			3523.000 2264.000 3515.000 2263.000 3507.000 2265.000 3502.000 2265.000 3496.000 2268.000 3488.000 2271.000 3477.000 2271.000 3463.000 2266.000 3435.000 2260.000 3424.000 2260.000 3409.000 2255.000 3404.000 2243.000 3385.000 2235.000 3377.000 2216.000 3356.000 2202.000 3349.000 2180.000 3354.000 2157.000 3343.000 2147.000 3339.000 2137.000 
		}
	}
	members={
		30 32 33 34 274 310 311 1959 1960 1961 2749 4124 3273 4260 5642 5643 5645 5653 5654 5644 5646 7806 7808 7870 7867 7868 7869 7871 7872 7873 7874 7875 7876 7877 7879 4261 
	}
}
constantinople={
	location=1320
	color={
		126 203 120 
	}
	outgoing={
		name="pest"
		path={
			151 3170 1764 3165 150 3166 4176 4239 
		}
		control={
			3505.000 1847.000 3497.000 1849.000 3487.000 1849.000 3477.000 1854.000 3471.000 1855.000 3468.000 1860.000 3463.000 1861.000 3455.000 1866.000 3443.000 1870.000 3430.000 1870.000 3423.000 1874.000 3415.000 1876.000 3409.000 1881.000 3399.000 1884.000 3392.000 1891.000 3384.000 1896.000 3377.000 1901.000 3374.000 1906.000 3371.000 1911.000 3371.000 1920.000 
		}
	}
	outgoing={
		name="aegean_trade"
		path={
			1319 5493 
		}
		control={
			3503.000 1839.000 3493.000 1841.000 3485.000 1841.000 3480.000 1837.000 3476.000 1836.000 3470.000 1834.000 3468.000 1831.000 3464.000 1829.000 3461.000 1826.000 3455.000 1823.000 3449.000 1828.000 3440.000 1827.000 3434.000 1816.000 3424.000 1803.000 3434.000 1791.000 3434.000 1785.000 3427.000 1781.000 3421.000 1776.000 
		}
	}
	members={
		1320 149 151 316 317 322 325 326 328 1764 1848 2296 2299 2750 3168 3169 3170 4705 5130 5163 5150 4314 5164 4312 4313 5137 5167 5171 5157 4311 5156 7130 7134 5155 4779 7136 7137 7138 7139 7149 7150 7151 7152 7155 7156 4704 159 150 7157 7158 7159 7706 4706 3164 7154 3165 7759 7765 6001 6002 6004 6016 6019 6033 
	}
}
aegean_trade={
	location=5493
	color={
		30 211 232 
	}
	outgoing={
		name="ragusa"
		path={
			1312 1311 1310 1309 
		}
		control={
			3410.000 1766.000 3409.000 1754.000 3401.000 1754.000 3394.000 1752.000 3384.000 1757.000 3374.000 1762.000 3374.000 1772.000 3369.000 1784.000 3365.000 1794.000 3357.000 1798.000 3349.000 1812.000 3337.000 1824.000 3338.000 1851.000 3335.000 1863.000 3324.000 1873.000 3311.000 1874.000 
		}
	}
	outgoing={
		name="napoli"
		path={
			1312 1307 1304 121 
		}
		control={
			3410.000 1766.000 3409.000 1754.000 3401.000 1754.000 3394.000 1752.000 3384.000 1757.000 3374.000 1762.000 3370.000 1764.000 3352.000 1765.000 3324.000 1782.000 3298.000 1786.000 3277.000 1781.000 3272.000 1788.000 3276.000 1802.000 3265.000 1821.000 
		}
	}
	members={
		145 146 147 148 163 164 318 319 320 1773 1853 2348 3001 3003 3167 4702 4700 3174 3175 3177 3178 3179 3180 3183 3195 4309 5134 7100 7101 7102 4701 7106 7107 7108 7109 7110 7111 7112 7113 7114 7115 7117 7118 7120 7122 7123 7124 7127 7128 7129 7142 4780 7146 7147 7148 7163 5493 6005 6007 6009 6010 6096 2297 4308 5172 6041 
	}
}
pest={
	location=4239
	color={
		189 100 102 
	}
	inland=yes
	outgoing={
		name="wien"
		path={
			4239 1767 1864 3151 3051 134 
		}
		control={
			3365.000 1922.000 3357.000 1926.000 3355.000 1931.000 3348.000 1934.000 3342.000 1934.000 3337.000 1934.000 3332.000 1936.000 3334.000 1938.000 3331.000 1943.000 3331.000 1946.000 3329.000 1947.000 3329.000 1951.000 3331.000 1954.000 3331.000 1960.000 3332.000 1965.000 3332.000 1971.000 3331.000 1977.000 3336.000 1984.000 3331.000 1987.000 3323.000 1986.000 3318.000 1986.000 3310.000 1986.000 3305.000 1990.000 3299.000 1994.000 3293.000 1994.000 3287.000 1995.000 3285.000 1998.000 3280.000 1999.000 
		}
	}
	outgoing={
		name="ragusa"
		path={
			1827 1831 137 1309 
		}
		control={
			3365.000 1922.000 3371.000 1920.000 3371.000 1911.000 3374.000 1906.000 3377.000 1901.000 3381.000 1897.000 3384.000 1891.000 3386.000 1888.000 3388.000 1880.000 3385.000 1876.000 3380.000 1877.000 3377.000 1874.000 3373.000 1876.000 3368.000 1880.000 3361.000 1880.000 3361.000 1876.000 3362.000 1871.000 3361.000 1870.000 3359.000 1868.000 3356.000 1868.000 3355.000 1869.000 3352.000 1871.000 3347.000 1868.000 3343.000 1866.000 3335.000 1863.000 3324.000 1873.000 3311.000 1874.000 3301.000 1884.000 
		}
	}
	outgoing={
		name="krakow"
		path={
			1954 156 155 1953 162 2960 262 
		}
		control={
			3365.000 1922.000 3365.000 1922.000 3357.000 1926.000 3355.000 1931.000 3355.000 1936.000 3352.000 1941.000 3354.000 1944.000 3352.000 1952.000 3354.000 1955.000 3354.000 1961.000 3353.000 1968.000 3355.000 1970.000 3355.000 1974.000 3357.000 1976.000 3359.000 1980.000 3363.000 1982.000 3367.000 1985.000 3371.000 1991.000 3374.000 1999.000 3373.000 2006.000 3373.000 2013.000 3374.000 2019.000 3373.000 2022.000 3369.000 2028.000 3363.000 2029.000 3367.000 2035.000 3364.000 2038.000 3360.000 2037.000 
		}
	}
	members={
		141 155 156 157 158 160 161 162 1827 1951 1952 1953 1954 2746 2998 3000 3146 3148 4126 3152 4127 3154 4128 3160 4531 4532 3185 3186 3187 4239 4173 4176 1765 7703 4703 7705 7707 7711 7714 7715 7748 7754 4757 7717 7718 7739 7740 7741 7743 7744 7745 7746 7749 7750 7751 7752 7753 7755 7756 7757 7758 153 8188 8189 8192 8193 8198 8199 8200 8201 8202 8203 8204 8205 8206 8207 8208 8209 8210 8211 8212 8213 8214 8215 8218 4125 8183 8493 
	}
}
krakow={
	location=262
	inland=yes
	outgoing={
		name="wien"
		path={
			3142 3297 1772 134 
		}
		control={
			3364.000 2038.000 3367.000 2035.000 3363.000 2029.000 3362.000 2027.000 3360.000 2024.000 3357.000 2022.000 3354.000 2023.000 3351.000 2022.000 3343.000 2021.000 3337.000 2014.000 3334.000 2016.000 3331.000 2014.000 3328.000 2018.000 3323.000 2015.000 3319.000 2013.000 3317.000 2011.000 3313.000 2007.000 3312.000 2003.000 3311.000 1997.000 3314.000 1994.000 3314.000 1990.000 3318.000 1986.000 3310.000 1986.000 3305.000 1990.000 3299.000 1994.000 3293.000 1994.000 3287.000 1995.000 3285.000 1998.000 
		}
	}
	outgoing={
		name="saxony"
		path={
			263 4238 2970 266 1771 61 59 
		}
		control={
			3356.000 2036.000 3351.000 2037.000 3340.000 2036.000 3331.000 2032.000 3320.000 2032.000 3320.000 2039.000 3315.000 2044.000 3313.000 2048.000 3310.000 2051.000 3305.000 2053.000 3302.000 2056.000 3297.000 2060.000 3293.000 2062.000 3290.000 2061.000 3288.000 2063.000 3287.000 2069.000 3284.000 2071.000 3279.000 2071.000 3277.000 2072.000 3274.000 2076.000 3271.000 2078.000 3265.000 2078.000 3257.000 2079.000 3254.000 2074.000 3249.000 2074.000 3246.000 2076.000 3242.000 2077.000 3236.000 2072.000 
		}
	}
	outgoing={
		name="danzig_trade"
		path={
			3220 258 255 4528 2997 43 
		}
		control={
			3360.000 2037.000 3364.000 2038.000 3368.000 2040.000 3373.000 2041.000 3379.000 2046.000 3381.000 2048.000 3382.000 2053.000 3382.000 2057.000 3384.000 2062.000 3384.000 2066.000 3378.000 2069.000 3374.000 2074.000 3370.000 2081.000 3367.000 2086.000 3362.000 2087.000 3355.000 2086.000 3349.000 2087.000 3343.000 2090.000 3336.000 2093.000 3332.000 2094.000 3329.000 2097.000 3326.000 2099.000 3322.000 2101.000 3318.000 2102.000 3320.000 2105.000 3321.000 2107.000 3324.000 2110.000 3328.000 2111.000 3329.000 2115.000 3331.000 2120.000 3334.000 2122.000 3337.000 2124.000 3338.000 2129.000 
		}
	}
	members={
		258 259 260 262 263 264 256 257 1938 1939 254 255 2959 2960 2963 4723 3142 4528 4526 3220 3221 4523 4524 4525 4527 4533 7264 2966 4238 3223 3225 7211 767 7830 7831 7832 8176 8221 8222 8223 8224 8225 8226 8227 8228 8229 8230 8231 8232 8233 8234 8239 8240 8241 8243 8244 8245 8246 8247 8248 8249 8251 
	}
}
ragusa={
	location=1309
	color={
		130 130 145 
	}
	outgoing={
		name="venice"
		path={
			1309 1308 
		}
		control={
			3301.000 1884.000 3295.000 1887.000 3286.000 1887.000 3276.000 1895.000 3263.000 1903.000 3234.000 1916.000 
		}
	}
	outgoing={
		name="napoli"
		path={
			1310 1311 1307 1304 121 
		}
		control={
			3299.000 1860.000 3287.000 1851.000 3281.000 1852.000 3273.000 1848.000 3271.000 1841.000 3268.000 1838.000 3257.000 1841.000 
		}
	}
	members={
		131 4753 137 138 139 3002 142 143 144 1766 1826 1828 1831 4755 4698 3181 3182 4754 4752 136 3193 3194 3196 4175 4174 5094 7125 7126 4699 7132 7140 7141 7144 7133 7143 7700 7701 7702 7708 7709 7710 7712 7721 7722 7723 7724 7725 140 7727 7728 7729 7730 7731 7732 7733 7734 7735 7736 1309 4750 
	}
}
danzig_trade={
	location=43
	color={
		40 39 34 
	}
	outgoing={
		name="lubeck"
		path={
			1255 1257 1258 45 
		}
		control={
			3334.000 2137.000 3322.000 2146.000 3303.000 2147.000 3292.000 2143.000 3259.000 2135.000 3243.000 2143.000 3227.000 2137.000 3218.000 2136.000 3210.000 2129.000 3202.000 2127.000 3196.000 2123.000 
		}
	}
	outgoing={
		name="baltic_sea"
		path={
			1927 1255 1 
		}
		control={
			3336.000 2139.000 3336.000 2151.000 3319.000 2169.000 3313.000 2201.000 3328.000 2216.000 3330.000 2239.000 
		}
	}
	members={
		1936 4534 4535 7213 7216 7861 38 4241 7843 7844 7845 7848 7849 35 36 1842 3230 3231 7853 7855 7856 7857 39 1935 3227 7838 7839 7840 7854 41 42 1841 1859 2958 7829 7833 7834 7862 43 2997 5097 7825 7826 7827 7828 271 3226 7210 7212 7859 7860 40 3224 7835 7836 7837 37 273 3293 7841 7846 7847 1834 3229 7850 7851 7852 
	}
}
baltic_sea={
	location=1
	color={
		8 82 165 
	}
	outgoing={
		name="lubeck"
		path={
			1255 1257 1258 45 
		}
		control={
			3322.000 2240.000 3319.000 2234.000 3311.000 2228.000 3299.000 2214.000 3302.000 2195.000 3285.000 2168.000 3261.000 2165.000 3248.000 2152.000 3230.000 2148.000 3217.000 2143.000 3209.000 2135.000 3196.000 2127.000 
		}
	}
	members={
		1 4 8 9 1930 1985 3122 3123 7794 7863 2 3 3120 4166 25 3121 7790 7792 7793 27 28 29 31 3128 4123 7803 7804 7805 7807 19 4113 4151 4152 7801 7802 7864 11 18 3124 4114 7797 7798 7799 7800 
	}
}
napoli={
	location=121
	color={
		137 45 176 
	}
	outgoing={
		name="valencia"
		path={
			1304 1302 1301 1295 
		}
		control={
			3223.000 1831.000 3186.000 1845.000 3139.000 1849.000 3077.000 1806.000 
		}
	}
	outgoing={
		name="venice"
		path={
			3039 118 2976 2977 1308 
		}
		control={
			3249.000 1845.000 3245.000 1848.000 3239.000 1854.000 3230.000 1853.000 3226.000 1857.000 3218.000 1862.000 3221.000 1870.000 3217.000 1880.000 3220.000 1888.000 3224.000 1896.000 3231.000 1903.000 3224.000 1918.000 
		}
	}
	outgoing={
		name="genua"
		path={
			1303 1297 1298 
		}
		control={
			3209.000 1849.000 3180.000 1886.000 
		}
	}
	members={
		121 123 124 125 126 127 1934 2982 2983 2984 2986 4737 3039 4735 5091 4736 7001 7002 7003 7004 7008 7009 4734 7012 7016 7017 7095 7097 7099 120 122 1933 2985 4733 7005 7006 7007 7011 7013 7014 7015 118 3295 4732 7019 7020 7021 2976 7022 4731 7024 7036 
	}
}
porto_trade={
	location=227
	color={
		57 160 101 
	}
	outgoing={
		name="sevilla"
		path={
			1292 1293 224 
		}
		control={
			2830.000 1793.000 2832.000 1779.000 2835.000 1765.000 2854.000 1759.000 
		}
	}
	outgoing={
		name="bordeaux"
		path={
			1292 1291 1290 1278 1276 174 
		}
		control={
			2824.000 1815.000 2835.000 1849.000 2823.000 1891.000 2856.000 1910.000 2928.000 1905.000 
		}
	}
	members={
		228 1851 4556 8097 8096 8099 229 4150 8063 8100 8101 8102 8104 231 3104 8090 8091 232 8092 8093 8094 8095 227 4787 3108 8098 8103 230 8105 8106 8107 206 4554 4555 4558 8040 8041 8042 
	}
}
sevilla={
	location=224
	color={
		204 221 107 
	}
	outgoing={
		name="valencia"
		path={
			225 8075 8076 225 8071 2754 8059 8064 4547 4549 220 1295 
		}
		control={
			2890.000 1776.000 2898.000 1778.000 2919.000 1785.000 2926.000 1791.000 2929.000 1805.000 2942.000 1810.000 2953.000 1809.000 2963.000 1812.000 2980.000 1811.000 2999.000 1813.000 
		}
	}
	outgoing={
		name="bordeaux"
		path={
			225 8075 8076 225 8071 2754 219 4552 8051 215 8046 8045 8034 8033 209 1276 174 
		}
		control={
			2890.000 1776.000 2898.000 1778.000 2909.000 1785.000 2919.000 1785.000 2926.000 1791.000 2929.000 1805.000 2920.000 1807.000 2919.000 1819.000 2923.000 1826.000 2917.000 1834.000 2918.000 1847.000 2910.000 1859.000 2917.000 1871.000 2917.000 1880.000 2920.000 1885.000 2926.000 1887.000 2932.000 1895.000 2943.000 1894.000 2949.000 1904.000 2963.000 1914.000 2971.000 1932.000 
		}
	}
	members={
		224 226 1749 4548 8075 8076 8077 8078 8079 8080 222 223 4546 8081 8082 8083 8084 8085 8086 8087 225 1748 8070 8071 8072 8073 8074 219 2754 8054 8057 8059 8064 8121 218 1747 3099 4788 216 8050 8058 8060 8061 8062 208 215 4553 8043 8044 8045 4552 4551 4789 8051 8036 
	}
}
valencia={
	location=1295
	color={
		208 13 81 
	}
	outgoing={
		name="genua"
		path={
			1296 1297 1298 
		}
		control={
			3045.000 1827.000 3086.000 1863.000 3136.000 1880.000 
		}
	}
	outgoing={
		name="lyon_trade"
		path={
			1296 7894 202 7897 3089 203 
		}
		control={
			3030.000 1844.000 3057.000 1863.000 3064.000 1888.000 3071.000 1895.000 3073.000 1901.000 3081.000 1907.000 3078.000 1918.000 3082.000 1929.000 
		}
	}
	outgoing={
		name="bordeaux"
		path={
			8115 8116 214 8109 7903 210 173 1276 174 
		}
		control={
			3011.000 1827.000 3004.000 1838.000 2999.000 1847.000 2989.000 1848.000 2982.000 1854.000 2971.000 1862.000 2970.000 1870.000 2964.000 1881.000 2968.000 1895.000 2965.000 1904.000 2973.000 1930.000 
		}
	}
	members={
		1295 197 212 213 2987 2988 8113 8114 8115 7889 4557 220 1750 4550 4549 8088 8089 333 4559 4560 211 214 2990 8108 8109 8110 8111 8116 8117 3095 221 4547 8065 8066 8067 8068 8069 217 2751 8052 8053 8055 8056 1746 2755 2989 8047 8048 8049 4154 
	}
}
venice={
	location=1308
	color={
		54 167 156 
	}
	outgoing={
		name="wien"
		path={
			3049 7761 129 7763 1863 3052 134 
		}
		control={
			3236.000 1941.000 3245.000 1945.000 3254.000 1951.000 3261.000 1953.000 3262.000 1961.000 3272.000 1966.000 3274.000 1985.000 
		}
	}
	outgoing={
		name="genua"
		path={
			112 7077 108 109 1862 7078 104 3043 7058 101 1298 
		}
		control={
			3220.000 1927.000 3213.000 1916.000 3204.000 1920.000 3195.000 1919.000 3190.000 1910.000 3184.000 1902.000 3164.000 1904.000 
		}
	}
	members={
		1308 108 111 112 113 114 130 1769 1774 2977 4738 7025 7028 7029 7031 7032 7033 7034 7035 7076 4729 7081 7082 7084 7085 7086 7087 7088 7089 7090 7091 7094 7096 7098 119 7026 7027 7030 7037 107 109 1862 4739 3294 7083 106 4730 7067 7068 
	}
}
genua={
	location=1298
	color={
		218 215 56 
	}
	outgoing={
		name="rheinland"
		path={
			101 7058 3043 104 3054 166 1869 72 74 77 3207 1876 
		}
		control={
			3147.000 1909.000 3151.000 1919.000 3151.000 1927.000 3155.000 1931.000 3155.000 1939.000 3153.000 1945.000 3153.000 1951.000 3154.000 1957.000 3148.000 1964.000 3142.000 1977.000 3147.000 1990.000 3147.000 2001.000 3156.000 2009.000 3154.000 2021.000 3147.000 2029.000 
		}
	}
	outgoing={
		name="lyon_trade"
		path={
			101 7058 7070 7066 103 7071 7895 7896 204 3089 203 
		}
		control={
			3147.000 1909.000 3146.000 1919.000 3139.000 1926.000 3128.000 1927.000 3118.000 1932.000 3114.000 1938.000 3106.000 1940.000 3097.000 1932.000 3088.000 1938.000 
		}
	}
	members={
		1298 101 2992 7053 7054 7055 7056 1247 5092 7038 7040 102 1875 4727 7052 7062 7063 7064 115 116 117 7051 2978 3040 7039 7041 7042 7043 7044 7046 7047 7049 7050 2980 3042 7059 103 2981 7048 7058 7061 7065 7066 7070 7071 2979 3045 7072 7075 7079 7080 104 4728 3054 4740 7078 105 7045 7057 7060 4157 5118 
	}
}
wien={
	location=134
	color={
		220 220 220 
	}
	inland=yes
	outgoing={
		name="rheinland"
		path={
			1770 133 64 2957 67 71 79 77 3207 1876 
		}
		control={
			3251.000 1999.000 3213.000 2014.000 3194.000 2030.000 3168.000 2031.000 
		}
	}
	outgoing={
		name="saxony"
		path={
			1770 2968 267 2967 2965 62 59 
		}
		control={
			3277.000 2011.000 3254.000 2018.000 3254.000 2037.000 3248.000 2056.000 
		}
	}
	members={
		64 65 73 76 128 129 132 133 134 135 265 266 2970 1768 1770 1772 1863 2955 2956 2957 2968 3050 3051 4762 4724 4237 3151 4725 3297 7760 7761 7762 4751 7764 4236 4756 1767 1864 3190 4240 152 7738 8171 8172 8173 8174 8175 8177 8178 8179 8181 8182 8184 8185 8186 8187 8190 8191 8216 8217 154 1318 8194 8195 8196 8197 4726 8236 8237 8238 8253 8254 8257 8258 8259 8260 4759 4760 4761 4707 4708 4709 8252 8455 8456 8457 8458 8459 8460 8461 8462 8463 8464 8465 8466 8467 8468 8469 8470 8471 8472 8473 8474 8475 8476 8477 8478 8479 8480 8481 8482 8483 110 3048 4758 7093 8494 8495 
	}
}
irish_sea={
	location=1284
	color={
		0 130 70 
	}
	outgoing={
		name="english_channel"
		path={
			4375 240 237 236 1270 1269 
		}
		control={
			2917.000 2112.000 2930.000 2110.000 2940.000 2111.000 2948.000 2105.000 2946.000 2095.000 2951.000 2090.000 2954.000 2086.000 2955.000 2079.000 2963.000 2081.000 2965.000 2071.000 2971.000 2072.000 2974.000 2069.000 2977.000 2065.000 2981.000 2068.000 2985.000 2064.000 2990.000 2066.000 2997.000 2066.000 3002.000 2065.000 3007.000 2066.000 3018.000 2069.000 
		}
	}
	outgoing={
		name="north_sea"
		path={
			1283 1299 1282 1975 
		}
		control={
			2899.000 2120.000 2907.000 2132.000 2901.000 2144.000 2906.000 2154.000 2907.000 2161.000 2909.000 2166.000 2914.000 2166.000 2921.000 2164.000 2924.000 2163.000 2928.000 2160.000 2932.000 2161.000 2938.000 2165.000 2940.000 2169.000 2946.000 2171.000 2969.000 2166.000 2985.000 2180.000 3010.000 2184.000 
		}
	}
	members={
		233 234 4374 240 241 242 244 247 249 372 373 374 4118 376 1284 4380 3005 3006 4379 3009 4377 375 3014 4365 3019 4362 4375 4130 4373 4366 3034 4369 3036 4121 4378 4119 4120 239 3008 8170 8122 8143 8144 8129 8142 8141 8140 8139 8138 8135 8147 4364 1283 8159 8158 8157 8156 8160 8163 8162 8165 8164 8161 8167 8168 8166 8169 8124 253 4363 
	}
}
north_sea={
	location=1975
	color={
		117 165 188 
	}
	outgoing={
		name="lubeck"
		path={
			1266 1267 1259 1258 45 
		}
		control={
			3093.000 2206.000 3152.000 2203.000 3185.000 2209.000 3198.000 2191.000 3187.000 2161.000 3190.000 2149.000 3189.000 2139.000 3198.000 2132.000 
		}
	}
	outgoing={
		name="koeln_trade"
		path={
			5495 1279 98 3060 2975 85 
		}
		control={
			3063.000 2171.000 3076.000 2113.000 3086.000 2101.000 3088.000 2094.000 3097.000 2090.000 3103.000 2089.000 3104.000 2082.000 3103.000 2077.000 3109.000 2072.000 3113.000 2068.000 3115.000 2060.000 
		}
	}
	outgoing={
		name="english_channel"
		path={
			5495 1270 1269 
		}
		control={
			3023.000 2162.000 3040.000 2123.000 3030.000 2078.000 
		}
	}
	members={
		10 1975 20 21 23 24 245 246 248 250 251 252 315 369 370 371 1978 1979 2752 4110 4368 4785 3114 3115 3118 3119 3137 3138 3139 5591 5126 4146 4145 7782 7785 7786 7787 7788 7789 7796 7772 7809 7747 8153 8155 8154 8152 8151 8150 8148 8146 8137 8136 8133 8134 4367 8149 4361 8145 17 22 4144 3117 4143 7780 7781 7783 7784 
	}
}
lubeck={
	location=45
	color={
		190 70 70 
	}
	outgoing={
		name="koeln_trade"
		path={
			7778 44 54 1874 2971 56 86 3292 3200 84 85 
		}
		control={
			3186.000 2116.000 3179.000 2111.000 3168.000 2110.000 3161.000 2104.000 3153.000 2099.000 3148.000 2093.000 3138.000 2089.000 3137.000 2080.000 3130.000 2074.000 3126.000 2068.000 3123.000 2063.000 3118.000 2061.000 
		}
	}
	outgoing={
		name="saxony"
		path={
			1857 7811 3216 2964 52 59 
		}
		control={
			3203.000 2105.000 3211.000 2093.000 3206.000 2080.000 
		}
	}
	members={
		5 6 7 12 13 14 15 16 26 44 45 46 47 1775 1857 48 1858 1982 1981 1983 1984 2994 2995 2996 3134 3135 4749 4165 4163 4164 4142 4149 4141 7766 7767 7768 7769 7770 7771 7773 7774 7775 7776 7777 7778 7779 7791 7795 7811 7812 7813 4745 7815 7816 7817 7818 7819 4746 7823 7824 7842 
	}
}
saxony={
	location=59
	color={
		36 182 69 
	}
	inland=yes
	outgoing={
		name="rheinland"
		path={
			58 3215 1762 81 3209 1876 
		}
		control={
			3202.000 2060.000 3171.000 2057.000 
		}
	}
	members={
		49 60 61 62 63 66 67 267 1759 1763 1771 52 58 59 2964 2965 2967 2969 4716 4717 4743 3214 50 51 4786 53 57 1757 1758 2993 4773 7810 7821 4747 8255 8256 4778 8262 8263 8264 8265 8266 4741 4742 4744 4748 4772 8267 8268 8269 8270 8271 8272 8273 8274 8276 8277 8278 8279 8280 8281 8282 8283 8284 8285 8286 8287 8288 8289 8290 8291 8292 8293 8294 8295 8451 8452 8453 8454 
	}
}
lyon_trade={
	location=203
	color={
		97 94 182 
	}
	outgoing={
		name="bordeaux"
		path={
			7909 7914 199 3087 4112 7930 7928 174 
		}
		control={
			3070.000 1938.000 3059.000 1940.000 3049.000 1939.000 3035.000 1929.000 3022.000 1921.000 3010.000 1924.000 2993.000 1927.000 
		}
	}
	outgoing={
		name="champagne"
		path={
			7911 3091 7938 192 7952 4390 7955 185 183 
		}
		control={
			3078.000 1947.000 3078.000 1953.000 3080.000 1961.000 3080.000 1968.000 3085.000 1974.000 3087.000 1978.000 3077.000 1984.000 3072.000 1993.000 3067.000 1995.000 3062.000 1999.000 3054.000 1999.000 3045.000 2003.000 
		}
	}
	members={
		203 4777 7908 7909 7911 204 3089 7895 7896 7897 7910 205 3046 4719 7913 8031 200 3085 4391 7898 7899 7906 196 2753 4694 7900 7901 4695 7904 190 199 3087 7914 7915 7916 7917 198 4112 7907 7905 201 202 4696 2991 7890 7891 7892 7893 7894 
	}
}
bordeaux={
	location=174
	color={
		29 106 198 
	}
	outgoing={
		name="rouen_trade"
		path={
			1276 7932 7933 180 7934 7935 7991 178 7988 177 1879 7982 167 
		}
		control={
			2982.000 1940.000 2990.000 1953.000 3003.000 1956.000 3002.000 1964.000 3002.000 1973.000 2995.000 1977.000 2986.000 1982.000 2989.000 1989.000 3001.000 1995.000 3001.000 2005.000 3009.000 2014.000 
		}
	}
	outgoing={
		name="champagne"
		path={
			1276 7932 7933 180 7934 7935 4389 7978 184 4388 7960 183 
		}
		control={
			2982.000 1940.000 2990.000 1953.000 3003.000 1956.000 3002.000 1964.000 3002.000 1973.000 3005.000 1979.000 3015.000 1982.000 3026.000 1990.000 3030.000 2001.000 3037.000 2003.000 
		}
	}
	members={
		180 3077 4386 4111 7932 7933 4387 7934 174 194 3081 7925 7927 7928 7930 173 176 3083 7923 7924 7926 175 7919 7921 7922 207 1745 4697 8033 8034 8035 8037 8038 8039 209 210 7903 7920 7929 8016 8026 195 7918 7931 3109 
	}
}
rheinland={
	location=1876
	color={
		114 171 184 
	}
	inland=yes
	outgoing={
		name="koeln_trade"
		path={
			83 1760 85 
		}
		control={
			3140.000 2040.000 3129.000 2039.000 3123.000 2045.000 3119.000 2047.000 
		}
	}
	outgoing={
		name="champagne"
		path={
			78 80 94 188 189 187 3071 186 183 
		}
		control={
			3142.000 2029.000 3140.000 2015.000 3131.000 2007.000 3128.000 2001.000 3119.000 1998.000 3106.000 1997.000 3097.000 1997.000 3093.000 1993.000 3086.000 1994.000 3079.000 1998.000 3072.000 1999.000 3067.000 2004.000 3057.000 2007.000 3049.000 2005.000 
		}
	}
	members={
		70 72 74 75 77 78 81 83 68 69 71 1868 165 166 1761 1762 1869 1870 1876 1880 3055 3204 4712 3206 3207 4718 3209 4774 1873 1867 1871 4720 1872 4765 7944 4721 4722 4713 4714 4715 4767 79 4710 4711 8425 8426 8427 8428 8429 8430 8431 8432 8433 8434 8435 8436 8437 8438 8439 8440 8441 8442 8443 8444 8445 8446 8447 8448 8449 8450 8484 8485 8486 8487 8488 8489 8490 8491 8492 
	}
}
koeln_trade={
	location=85
	color={
		105 72 41 
	}
	outgoing={
		name="champagne"
		path={
			3197 1878 94 7948 188 189 187 3071 186 7956 183 
		}
		control={
			3113.000 2047.000 3111.000 2040.000 3112.000 2032.000 3109.000 2026.000 3105.000 2016.000 3102.000 2013.000 3098.000 2009.000 3090.000 2009.000 3079.000 2013.000 3065.000 2013.000 3056.000 2010.000 3048.000 2010.000 
		}
	}
	outgoing={
		name="english_channel"
		path={
			3197 1742 2974 8019 1744 1269 
		}
		control={
			3106.000 2057.000 3099.000 2056.000 3093.000 2059.000 3082.000 2056.000 3078.000 2062.000 3071.000 2063.000 3068.000 2066.000 3061.000 2069.000 3056.000 2071.000 3043.000 2066.000 
		}
	}
	members={
		99 3060 8017 8032 100 1931 4382 2974 93 3058 4381 8118 8119 8120 54 55 1874 2971 94 3066 8022 8023 8024 8027 84 85 2975 3199 3200 3201 80 1760 1878 4768 3198 56 86 2973 3292 82 2972 3202 3203 1742 1866 8025 3063 4775 4771 7948 8014 8296 8297 8298 8299 8400 8401 8402 8403 8404 8405 8406 8407 8408 8409 8410 8411 8412 8413 8414 8415 8416 8417 8418 8419 8420 
	}
}
rouen_trade={
	location=167
	color={
		159 229 221 
	}
	outgoing={
		name="champagne"
		path={
			7970 7962 183 
		}
		control={
			3019.000 2014.000 3026.000 2010.000 
		}
	}
	outgoing={
		name="english_channel"
		path={
			7972 1271 1269 
		}
		control={
			3009.000 2032.000 3020.000 2040.000 3022.000 2053.000 3032.000 2061.000 
		}
	}
	members={
		167 1879 3073 7967 7970 7971 7972 7982 168 4385 3110 7983 7984 7985 7986 7987 169 172 4384 7992 7993 7994 7995 7996 8013 170 171 3068 7997 7998 7999 177 178 7980 7988 7989 7990 7991 
	}
}
champagne={
	location=183
	color={
		193 26 14 
	}
	inland=yes
	outgoing={
		name="english_channel"
		path={
			89 88 3065 90 1269 
		}
		control={
			3042.000 2012.000 3039.000 2020.000 3034.000 2023.000 3032.000 2030.000 3038.000 2038.000 3047.000 2041.000 3048.000 2052.000 3047.000 2061.000 3037.000 2064.000 
		}
	}
	members={
		182 183 185 3070 7960 7961 7962 7963 184 3075 4388 4776 7957 7958 7979 7981 191 192 1877 4392 7938 3091 7951 7952 8028 179 4389 7935 7936 7937 7959 181 186 3071 4390 7950 7953 7964 7955 7956 187 188 189 4766 7945 7946 7947 7949 193 3092 7939 7940 4764 8029 8030 7942 8421 8422 8423 8424 
	}
}
english_channel={
	location=1269
	color={
		220 138 57 
	}
	members={
		98 235 236 237 238 1860 1269 4370 3028 4371 4372 8131 8126 4376 8130 8128 1861 243 8127 8125 8123 87 88 89 7968 7969 7965 7966 7973 7974 91 1743 7976 7977 8018 90 1865 3064 4769 8015 8020 8021 92 1744 8019 4770 95 96 97 4383 7975 7954 8112 
	}
	end=yes
}

